,freq,sex,wstatus,age,unit,geo\TIME_PERIOD,1992,1993,1994,1995,1996,1997,1998,1999,2000,2001,2002,2003,2004,2005,2006,2007,2008,2009,2010,2011,2012,2013,2014,2015,2016,2017,2018,2019,2020,2021,2022,2023,2024,2025
0,A,F,EMP,Y18-24,PC,AT,,,,,,,,,,,,,,4.3,5.2,5.7,5.3,4.3,4.1,3.9,3.4,3.0,3.1,2.8,2.5,2.7,3.0,2.7,2.8,2.8,3.6,3.9,3.2,3.0
1,A,F,EMP,Y18-24,PC,BA,,,,,,,,,,,,,,,,,,,,,,,,,,,,,,,,,,0.8
2,A,F,EMP,Y18-24,PC,BE,,,,,,,,,,,,,,4.0,3.7,3.8,4.1,3.3,4.0,3.3,3.5,2.6,2.7,2.5,2.7,2.5,2.6,2.4,2.0,1.7,1.5,1.4,1.7,1.4
3,A,F,EMP,Y18-24,PC,BG,,,,,,,,,,,,,,3.6,2.8,3.4,3.6,2.9,2.0,1.7,2.1,1.9,1.3,1.7,2.0,2.5,2.2,2.9,2.4,2.2,2.5,1.7,,
4,A,F,EMP,Y18-24,PC,CH,,,,,,,,,,,,,,4.9,5.6,3.9,5.1,5.7,4.1,3.5,3.1,2.8,3.0,2.6,2.8,1.9,1.9,2.3,1.9,2.2,2.2,2.2,2.2,2.4
5,A,F,EMP,Y18-24,PC,CY,,,,,,,,,,,,,,6.2,4.8,4.3,5.5,5.5,6.8,5.2,3.7,2.3,1.9,,1.8,3.8,3.4,3.6,4.4,3.2,2.7,3.6,2.7,3.0
6,A,F,EMP,Y18-24,PC,CZ,,,,,,,,,,,,,,1.4,1.1,1.3,1.4,1.4,0.9,1.0,1.1,1.3,1.1,1.2,2.0,2.0,2.1,2.6,2.3,1.7,1.8,2.3,1.9,2.6
7,A,F,EMP,Y18-24,PC,DE,,,,,,,,,,,,,,4.7,5.1,4.4,4.1,3.8,4.4,4.4,3.6,3.5,3.2,3.6,3.6,3.6,3.8,3.6,3.3,4.4,5.1,4.8,5.4,5.2
8,A,F,EMP,Y18-24,PC,DK,,,,,,,,,,,,,,4.3,5.5,6.6,6.3,4.6,3.7,3.1,2.8,2.6,2.3,1.9,2.3,2.3,3.7,2.9,2.9,4.4,4.4,4.8,4.9,4.0
9,A,F,EMP,Y18-24,PC,EA21,,,,,,,,,,,,,,6.5,6.5,6.2,6.1,5.2,4.9,4.5,3.9,3.4,3.1,3.2,3.0,3.1,3.2,3.0,2.5,2.7,3.1,3.0,3.1,2.8
10,A,F,EMP,Y18-24,PC,EE,,,,,,,,,,,,,,4.3,3.4,3.1,4.6,2.7,,3.5,2.1,,3.5,3.8,2.9,4.5,4.4,3.3,,3.8,4.7,4.7,4.6,
11,A,F,EMP,Y18-24,PC,EL,,,,,,,,,,,,,,3.3,4.0,4.2,4.3,3.8,3.4,2.6,2.3,1.7,1.4,1.5,1.2,1.0,0.5,0.6,0.5,0.4,0.6,0.8,,
12,A,F,EMP,Y18-24,PC,ES,,,,,,,,,,,,,,14.3,14.5,14.6,14.1,10.9,9.5,8.6,6.9,6.0,5.6,5.4,4.9,5.8,5.8,5.4,3.8,3.5,4.3,4.9,4.4,4.4
13,A,F,EMP,Y18-24,PC,EU27_2020,,,,,,,,,,,,,,5.7,5.6,5.4,5.3,4.6,4.4,4.1,3.6,3.2,2.9,3.0,2.9,3.0,3.1,2.9,2.5,2.6,2.9,2.9,3.0,2.7
14,A,F,EMP,Y18-24,PC,FI,,,,,,,,,,,,,,4.0,3.4,3.1,3.7,3.7,3.9,3.9,3.4,3.1,3.0,3.0,2.6,2.8,3.0,2.0,2.5,3.0,2.4,2.5,2.7,2.8
15,A,F,EMP,Y18-24,PC,FR,,,,,,,,,,,,,,3.8,3.9,3.8,4.0,4.0,3.3,3.8,3.5,2.6,2.3,2.6,2.0,2.1,2.3,2.0,1.5,1.8,2.1,1.6,1.7,1.2
16,A,F,EMP,Y18-24,PC,HR,,,,,,,,,,,,,,1.7,,1.3,1.4,1.3,1.1,0.8,0.9,,,,,,0.8,0.7,,,,,,
17,A,F,EMP,Y18-24,PC,HU,,,,,,,,,,,,,,2.6,2.7,2.4,2.6,2.0,2.2,2.0,1.9,1.8,2.4,3.2,3.0,3.6,2.8,2.4,2.4,3.3,3.3,3.2,2.9,2.5
18,A,F,EMP,Y18-24,PC,IE,,,,,,,,,,,,,,4.0,4.1,4.1,3.5,3.5,3.7,2.6,2.2,2.1,1.2,1.4,1.5,,1.0,,,,,,,
19,A,F,EMP,Y18-24,PC,IS,,,,,,,,,,,,,,15.7,,14.3,18.9,12.9,12.9,12.0,12.3,13.3,10.3,9.7,13.0,10.2,10.6,8.7,7.1,5.9,9.4,7.7,8.4,
20,A,F,EMP,Y18-24,PC,IT,,,,,,,,,,,,,,7.0,6.1,6.1,6.0,5.2,4.9,4.4,4.0,3.3,2.8,2.7,2.7,2.5,3.0,2.9,2.5,2.2,2.3,2.1,2.2,1.8
21,A,F,EMP,Y18-24,PC,LT,,,,,,,,,,,,,,,,,,,,,,,,,1.2,,,,,,,1.8,2.5,1.3
22,A,F,EMP,Y18-24,PC,LU,,,,,,,,,,,,,,5.5,5.3,5.1,5.3,2.8,3.1,,2.6,,,4.7,2.8,2.9,,,2.8,5.3,3.7,,,
23,A,F,EMP,Y18-24,PC,LV,,,,,,,,,,,,,,5.1,4.4,3.7,4.0,3.4,2.7,2.5,1.8,2.0,,2.7,2.4,,,,,,,,,
24,A,F,EMP,Y18-24,PC,ME,,,,,,,,,,,,,,,,,,,,,,,,,,,,,,,,,,
25,A,F,EMP,Y18-24,PC,MK,,,,,,,,,,,,,,,2.9,2.6,2.3,1.6,2.1,1.3,0.8,2.3,2.2,1.4,1.1,0.9,0.8,1.0,0.6,0.7,0.9,0.8,1.7,2.5
26,A,F,EMP,Y18-24,PC,MT,,,,,,,,,,,,,,18.4,20.2,18.0,16.9,12.1,8.0,7.5,6.7,8.4,8.3,5.9,6.5,6.0,10.1,7.7,7.0,5.0,6.9,,4.4,3.7
27,A,F,EMP,Y18-24,PC,NL,,,,,,,,,,,,,,6.9,6.2,5.7,5.6,5.3,4.6,4.3,4.0,3.9,3.2,3.6,3.2,2.6,2.7,3.0,2.8,2.4,2.7,3.1,3.3,3.2
28,A,F,EMP,Y18-24,PC,NO,,,,,,,,,,,,,,,9.5,10.5,9.6,9.9,9.7,8.7,8.4,7.0,6.2,4.9,5.7,5.0,4.2,4.4,5.0,4.8,,,,
29,A,F,EMP,Y18-24,PC,PL,,,,,,,,,,,,,,0.6,0.7,0.9,0.9,0.7,0.7,0.7,0.7,0.5,0.5,0.6,0.8,0.8,0.8,0.9,0.8,0.8,,,1.4,0.9
30,A,F,EMP,Y18-24,PC,PT,,,,,,,,,,,,,,21.1,22.1,20.0,19.2,16.8,14.6,9.7,7.2,6.9,6.7,5.1,5.0,5.1,5.2,4.2,2.7,1.9,2.1,3.3,2.5,1.8
31,A,F,EMP,Y18-24,PC,RO,,,,,,,,,,,,,,7.9,7.7,7.5,6.6,7.1,7.7,6.7,7.2,6.4,6.5,6.6,5.9,6.4,5.7,5.3,5.6,3.3,2.9,2.3,3.8,2.5
32,A,F,EMP,Y18-24,PC,RS,,,,,,,,,,,,,,,,,,,1.7,,1.0,1.5,1.6,1.6,1.6,1.1,1.5,1.4,1.1,2.0,0.9,0.8,1.0,0.7
33,A,F,EMP,Y18-24,PC,SE,,,,,,,,,,,,,,5.3,3.5,3.4,3.1,2.2,2.3,2.4,2.8,2.7,2.8,3.2,3.2,3.4,2.9,2.1,2.5,3.6,4.1,3.8,2.9,3.1
34,A,F,EMP,Y18-24,PC,SI,,,,,,,,,,,,,,0.7,1.2,0.6,1.2,1.3,1.1,,,,0.7,1.0,,,,0.9,1.0,,,,,
35,A,F,EMP,Y18-24,PC,SK,,,,,,,,,,,,,,0.7,,0.7,,,,,,1.1,1.0,1.2,1.1,2.2,1.8,,,,,,,
36,A,F,EMP,Y18-24,PC,TR,,,,,,,,,,,,,,,11.4,10.8,11.0,10.3,10.9,11.2,10.3,9.8,10.3,9.6,8.8,8.7,7.7,6.8,5.4,4.7,4.5,4.5,4.4,3.9
37,A,F,EMP,Y18-24,PC,UK,,,,,,,,,,,,,,4.8,4.5,6.5,6.2,5.7,4.9,4.9,3.9,3.9,4.2,3.9,4.4,4.5,4.8,4.5,,,,,,
38,A,F,NEMP,Y18-24,PC,AT,,,,,,,,,,,,,,4.6,4.6,4.5,4.6,4.6,4.2,4.1,4.1,4.1,3.4,4.0,3.5,3.2,2.7,3.4,3.4,3.5,3.8,4.0,3.8,5.0
39,A,F,NEMP,Y18-24,PC,BA,,,,,,,,,,,,,,,,,,,,,,,,,,,,,,3.9,3.3,2.9,2.1,2.2
40,A,F,NEMP,Y18-24,PC,BE,,,,,,,,,,,,,,6.5,6.3,6.5,6.4,6.1,6.0,6.4,6.1,6.2,5.0,6.1,4.7,4.8,4.0,3.7,3.9,2.8,3.3,3.0,3.1,3.5
41,A,F,NEMP,Y18-24,PC,BG,,,,,,,,,,,,,,16.7,14.1,11.4,11.8,13.0,10.9,10.9,10.9,10.8,11.5,11.7,11.9,11.0,10.5,10.2,9.6,10.6,8.9,7.5,7.3,8.3
42,A,F,NEMP,Y18-24,PC,CH,,,,,,,,,,,,,,4.4,2.8,2.8,2.5,3.7,2.8,2.1,2.3,2.6,2.6,2.3,2.2,2.0,1.4,1.5,1.4,2.9,3.8,2.9,2.9,2.5
43,A,F,NEMP,Y18-24,PC,CY,,,,,,,,,,,,,,4.1,3.4,2.4,4.0,3.2,3.0,2.9,3.3,2.0,,2.0,2.5,3.9,2.5,3.8,4.4,4.7,4.6,6.0,5.5,4.8
44,A,F,NEMP,Y18-24,PC,CZ,,,,,,,,,,,,,,4.9,3.8,3.4,3.9,3.8,3.9,3.4,3.9,4.1,4.1,4.7,4.6,4.6,4.0,4.2,5.2,4.1,3.4,4.1,3.5,3.5
45,A,F,NEMP,Y18-24,PC,DE,,,,,,,,,,,,,,9.0,8.3,7.6,7.1,6.9,6.6,6.4,6.3,5.8,5.7,6.1,5.9,5.5,5.3,5.2,5.1,5.8,5.9,5.6,5.4,6.0
46,A,F,NEMP,Y18-24,PC,DK,,,,,,,,,,,,,,2.7,2.2,2.9,4.0,3.8,4.7,4.8,5.2,3.9,4.1,4.3,3.9,4.0,4.3,4.7,3.9,3.7,3.4,4.2,4.8,4.7
47,A,F,NEMP,Y18-24,PC,EA21,,,,,,,,,,,,,,8.4,7.9,7.6,7.4,7.9,7.8,7.6,7.6,7.4,6.9,6.7,6.3,5.9,5.7,5.5,5.5,5.2,5.0,4.7,4.5,4.6
48,A,F,NEMP,Y18-24,PC,EE,,,,,,,,,,,,,,6.8,3.6,4.0,3.7,6.4,6.1,4.9,5.1,4.0,4.4,7.1,4.6,3.2,3.5,4.7,4.0,3.8,2.7,,,5.6
49,A,F,NEMP,Y18-24,PC,EL,,,,,,,,,,,,,,6.2,6.6,6.1,6.3,6.7,7.2,7.4,6.7,5.7,5.2,4.9,4.2,3.9,3.0,2.6,2.6,2.5,3.9,2.8,2.1,2.2
50,A,F,NEMP,Y18-24,PC,ES,,,,,,,,,,,,,,10.4,9.1,10.2,11.0,13.2,13.1,12.9,13.5,13.8,12.5,10.4,10.1,8.7,8.2,7.6,7.9,6.2,6.7,6.3,5.6,5.1
51,A,F,NEMP,Y18-24,PC,EU27_2020,,,,,,,,,,,,,,7.8,7.3,7.0,6.9,7.4,7.2,7.1,7.0,6.9,6.5,6.4,6.2,5.9,5.6,5.5,5.5,5.3,5.1,4.8,4.8,4.8
52,A,F,NEMP,Y18-24,PC,FI,,,,,,,,,,,,,,4.1,4.4,4.1,4.1,5.4,5.1,4.5,4.7,5.2,4.2,4.9,4.3,4.1,4.4,4.0,4.5,4.0,3.9,4.8,4.7,5.9
53,A,F,NEMP,Y18-24,PC,FR,,,,,,,,,,,,,,6.9,7.0,6.7,5.9,6.3,6.8,6.6,6.4,6.0,5.5,5.8,5.5,5.0,4.5,4.9,4.8,4.2,3.8,3.9,4.3,4.2
54,A,F,NEMP,Y18-24,PC,HR,,,,,,,,,,,,,,2.4,2.7,1.4,2.0,2.9,1.9,2.8,3.3,3.0,2.0,1.4,1.9,1.8,2.3,2.3,1.9,1.3,1.2,1.2,1.4,1.4
55,A,F,NEMP,Y18-24,PC,HU,,,,,,,,,,,,,,8.7,8.6,7.8,8.5,8.8,7.9,8.6,9.3,9.6,8.0,8.0,8.8,9.3,9.5,8.6,8.8,8.4,8.3,7.2,7.0,6.4
56,A,F,NEMP,Y18-24,PC,IE,,,,,,,,,,,,,,5.5,4.9,3.8,4.0,4.4,5.6,5.7,5.5,4.5,3.9,3.5,2.8,3.0,2.9,3.2,3.3,,,,,
57,A,F,NEMP,Y18-24,PC,IS,,,,,,,,,,,,,,4.2,,4.4,3.5,4.5,6.1,5.1,4.2,,3.3,,,,3.8,,4.4,,,,,
58,A,F,NEMP,Y18-24,PC,IT,,,,,,,,,,,,,,11.4,10.8,10.3,10.7,11.1,10.5,10.6,10.3,10.2,9.4,9.1,8.7,8.7,9.1,8.3,8.9,8.3,6.8,5.5,4.9,4.4
59,A,F,NEMP,Y18-24,PC,LT,,,,,,,,,,,,,,3.6,,,,4.5,5.0,3.6,,3.9,4.0,3.1,2.4,2.8,2.0,2.2,2.6,3.5,3.3,4.3,4.3,3.9
60,A,F,NEMP,Y18-24,PC,LU,,,,,,,,,,,,,,4.1,5.1,3.3,5.7,3.7,2.9,2.7,2.9,,,3.4,,,3.5,3.7,2.8,2.8,3.6,,,
61,A,F,NEMP,Y18-24,PC,LV,,,,,,,,,,,,,,6.6,7.1,6.9,6.8,7.7,6.3,5.0,4.5,3.8,3.5,3.5,3.8,3.2,2.8,3.6,,,,3.8,4.3,3.8
62,A,F,NEMP,Y18-24,PC,ME,,,,,,,,,,,,,,,,,,,,5.8,5.6,4.7,,5.4,5.6,,,4.4,,,,,,
63,A,F,NEMP,Y18-24,PC,MK,,,,,,,,,,,,,,,23.0,19.4,19.4,16.9,15.4,13.8,11.5,11.6,11.8,11.5,9.7,7.8,7.8,7.4,5.2,6.2,6.0,7.3,5.3,6.0
64,A,F,NEMP,Y18-24,PC,MT,,,,,,,,,,,,,,10.0,7.9,7.3,6.3,8.9,6.1,5.7,6.7,6.2,6.8,7.2,5.4,5.5,3.7,6.5,3.6,4.6,,,2.8,
65,A,F,NEMP,Y18-24,PC,NL,,,,,,,,,,,,,,4.7,4.0,3.6,3.3,3.8,3.2,2.9,3.2,3.5,3.6,2.7,2.7,2.1,2.5,2.5,2.5,1.4,1.6,2.1,1.9,2.1
66,A,F,NEMP,Y18-24,PC,NO,,,,,,,,,,,,,,,3.6,3.6,3.3,3.6,3.5,4.5,3.5,4.6,4.2,3.1,3.2,2.9,3.0,3.7,3.0,2.7,,,,
67,A,F,NEMP,Y18-24,PC,PL,,,,,,,,,,,,,,3.0,3.2,2.8,3.0,3.2,2.8,3.0,2.8,2.7,2.7,2.6,3.1,3.1,2.9,2.8,2.9,3.5,3.0,1.6,2.0,2.1
68,A,F,NEMP,Y18-24,PC,PT,,,,,,,,,,,,,,9.2,8.6,9.9,9.0,9.0,9.4,7.9,6.9,7.4,7.4,5.8,5.6,4.7,3.5,3.2,2.5,2.1,2.0,2.8,2.8,2.6
69,A,F,NEMP,Y18-24,PC,RO,,,,,,,,,,,,,,11.3,10.3,10.0,9.4,10.1,11.4,10.4,9.8,9.5,10.2,11.9,12.8,11.7,10.4,10.5,11.0,12.2,12.1,14.4,14.5,14.7
70,A,F,NEMP,Y18-24,PC,RS,,,,,,,,,,,,,,,,,,,5.6,6.2,6.4,8.1,6.9,5.6,5.1,5.0,5.4,5.3,4.7,4.6,4.1,5.0,4.8,4.3
71,A,F,NEMP,Y18-24,PC,SE,,,,,,,,,,,,,,4.4,3.6,3.1,3.7,3.8,3.2,3.0,3.5,3.5,3.2,3.3,3.2,3.7,3.1,3.3,3.8,2.9,2.6,2.3,2.9,3.1
72,A,F,NEMP,Y18-24,PC,SI,,,,,,,,,,,,,,2.5,2.8,1.6,1.3,1.9,2.2,2.0,3.0,2.3,2.0,2.5,2.6,1.8,2.5,2.9,2.5,,3.1,3.5,2.4,2.1
73,A,F,NEMP,Y18-24,PC,SK,,,,,,,,,,,,,,5.2,5.4,5.1,4.4,3.8,4.3,4.1,3.9,5.0,5.6,5.7,6.1,8.0,7.0,6.8,6.6,6.9,6.8,5.6,6.6,6.0
74,A,F,NEMP,Y18-24,PC,TR,,,,,,,,,,,,,,,44.2,43.3,41.5,39.9,37.0,34.4,32.8,30.1,30.6,28.0,27.0,25.2,23.9,21.8,20.4,17.5,15.7,14.5,13.4,13.0
75,A,F,NEMP,Y18-24,PC,UK,,,,,,,,,,,,,,5.7,5.7,9.1,9.4,8.8,9.0,8.9,8.3,7.2,6.6,5.9,5.2,4.5,4.3,4.9,,,,,,
76,A,F,NWANT,Y18-24,PC,AT,,,,,,,,,,,,,,1.6,1.9,1.8,1.8,1.6,1.6,1.6,1.6,1.5,1.2,1.8,1.2,1.3,1.3,1.3,1.0,1.2,1.7,1.4,1.6,1.5
77,A,F,NWANT,Y18-24,PC,BA,,,,,,,,,,,,,,,,,,,,,,,,,,,,,,2.7,2.0,2.2,2.0,2.0
78,A,F,NWANT,Y18-24,PC,BE,,,,,,,,,,,,,,3.0,2.9,3.2,3.3,3.0,2.8,2.5,2.7,2.9,2.1,2.5,2.2,2.4,2.1,1.8,2.2,1.5,1.8,1.6,1.8,2.1
79,A,F,NWANT,Y18-24,PC,BG,,,,,,,,,,,,,,8.8,7.6,6.9,7.7,8.8,6.7,6.8,6.9,6.8,7.5,8.0,8.7,8.6,8.3,8.1,7.7,7.9,6.1,5.7,6.2,7.4
80,A,F,NWANT,Y18-24,PC,CH,,,,,,,,,,,,,,0.8,0.8,0.7,0.7,,0.6,0.7,0.8,0.9,0.7,0.6,,0.5,0.3,,0.3,0.6,1.2,0.9,0.6,0.6
81,A,F,NWANT,Y18-24,PC,CY,,,,,,,,,,,,,,2.2,1.9,,3.1,2.6,1.8,2.1,1.5,,,,1.6,2.4,1.7,3.3,3.7,3.5,3.1,3.5,2.9,3.3
82,A,F,NWANT,Y18-24,PC,CZ,,,,,,,,,,,,,,3.3,2.4,2.5,2.8,2.3,2.5,2.4,2.5,2.5,3.1,3.4,3.4,3.5,3.2,3.5,4.2,3.2,2.6,2.8,2.3,1.8
83,A,F,NWANT,Y18-24,PC,DE,,,,,,,,,,,,,,3.6,3.1,2.9,2.5,2.9,3.0,2.9,2.8,2.5,2.6,2.9,2.8,2.6,2.6,2.6,2.2,2.6,2.8,2.7,2.6,2.6
84,A,F,NWANT,Y18-24,PC,DK,,,,,,,,,,,,,,1.3,,,1.1,1.3,2.2,1.9,2.6,1.9,1.8,2.1,1.2,1.8,2.0,1.9,2.1,2.0,1.8,2.0,2.0,2.0
85,A,F,NWANT,Y18-24,PC,EA21,,,,,,,,,,,,,,3.4,3.1,3.1,3.0,3.1,3.0,2.8,2.7,2.6,2.4,2.5,2.6,2.5,2.4,2.4,2.4,2.2,2.2,2.1,2.1,2.0
86,A,F,NWANT,Y18-24,PC,EE,,,,,,,,,,,,,,4.0,,2.1,2.1,2.9,3.2,1.8,2.5,2.8,2.7,4.3,2.6,,,,,,,,,
87,A,F,NWANT,Y18-24,PC,EL,,,,,,,,,,,,,,4.4,3.4,3.6,3.6,3.7,4.2,3.6,3.1,2.4,1.9,1.8,1.8,1.7,0.9,1.1,1.4,1.3,1.8,1.8,1.2,1.2
88,A,F,NWANT,Y18-24,PC,ES,,,,,,,,,,,,,,3.6,3.3,4.0,3.6,3.4,3.0,2.9,2.9,2.7,2.7,2.5,2.8,2.6,2.7,2.5,2.5,2.0,2.0,2.3,2.0,1.9
89,A,F,NWANT,Y18-24,PC,EU27_2020,,,,,,,,,,,,,,3.3,3.1,3.0,3.0,3.1,3.0,2.8,2.8,2.7,2.6,2.7,2.8,2.8,2.7,2.7,2.7,2.7,2.6,2.5,2.5,2.4
90,A,F,NWANT,Y18-24,PC,FI,,,,,,,,,,,,,,2.3,2.6,2.4,2.6,2.7,2.7,2.4,2.6,2.9,2.3,2.5,2.2,2.0,2.3,2.7,2.9,2.9,2.8,3.3,3.2,3.8
91,A,F,NWANT,Y18-24,PC,FR,,,,,,,,,,,,,,2.9,2.6,2.9,2.6,2.5,2.6,2.4,2.5,2.4,2.3,2.5,2.5,2.4,2.0,2.3,2.1,1.9,2.0,2.1,2.3,2.0
92,A,F,NWANT,Y18-24,PC,HR,,,,,,,,,,,,,,,1.5,0.7,1.2,1.8,1.1,0.9,1.1,1.1,,,0.9,,1.5,1.7,1.4,0.7,,,0.9,1.3
93,A,F,NWANT,Y18-24,PC,HU,,,,,,,,,,,,,,5.6,5.4,5.1,6.0,5.7,5.1,5.2,5.4,5.3,4.4,4.5,5.4,6.0,6.1,5.1,5.6,5.4,6.2,5.1,4.6,4.7
94,A,F,NWANT,Y18-24,PC,IE,,,,,,,,,,,,,,3.5,3.0,2.2,2.3,2.2,2.9,3.0,2.7,2.3,2.2,1.7,1.8,2.0,1.6,,,,,,,
95,A,F,NWANT,Y18-24,PC,IS,,,,,,,,,,,,,,,,,,,,,,,,,,,,,,,,,,
96,A,F,NWANT,Y18-24,PC,IT,,,,,,,,,,,,,,3.8,4.0,3.3,3.7,4.0,3.5,3.5,3.4,3.1,2.6,2.6,2.8,3.0,3.0,2.9,3.3,3.3,2.7,2.0,2.0,1.7
97,A,F,NWANT,Y18-24,PC,LT,,,,,,,,,,,,,,,,,,,,,,1.8,2.4,2.2,1.9,2.3,1.6,1.7,1.5,2.3,2.6,3.6,3.7,2.7
98,A,F,NWANT,Y18-24,PC,LU,,,,,,,,,,,,,,,,,,,,,,,,,,,,,,,,,,
99,A,F,NWANT,Y18-24,PC,LV,,,,,,,,,,,,,,2.2,2.5,3.3,3.6,1.9,,1.9,,,,1.8,2.7,,,,,,,,3.3,
100,A,F,NWANT,Y18-24,PC,ME,,,,,,,,,,,,,,,,,,,,,,,,,,,,,,,,,,
101,A,F,NWANT,Y18-24,PC,MK,,,,,,,,,,,,,,,12.6,11.3,11.7,10.4,11.6,9.1,7.8,8.2,6.6,8.5,7.1,6.2,5.6,5.3,3.8,3.9,3.2,4.8,3.2,4.1
102,A,F,NWANT,Y18-24,PC,MT,,,,,,,,,,,,,,6.5,3.6,3.8,3.9,5.0,3.1,3.0,3.1,3.0,2.8,3.5,1.8,2.1,2.1,3.3,,4.0,,,,
103,A,F,NWANT,Y18-24,PC,NL,,,,,,,,,,,,,,2.0,1.9,1.6,1.8,1.9,1.6,1.3,1.6,1.5,1.5,1.3,1.3,1.1,1.6,1.5,1.6,0.3,0.4,0.6,0.5,0.5
104,A,F,NWANT,Y18-24,PC,NO,,,,,,,,,,,,,,,1.3,1.8,1.5,1.5,1.5,2.0,1.2,1.9,2.3,1.7,1.8,,,,,,,,,
105,A,F,NWANT,Y18-24,PC,PL,,,,,,,,,,,,,,1.1,1.3,1.3,1.5,1.6,1.4,1.5,1.4,1.4,1.4,1.5,2.0,1.9,2.1,1.9,2.1,2.9,2.5,1.3,1.4,1.4
106,A,F,NWANT,Y18-24,PC,PT,,,,,,,,,,,,,,3.6,3.2,3.6,3.5,3.6,4.1,2.2,1.5,1.6,1.3,,1.4,,,,,,,,0.9,
107,A,F,NWANT,Y18-24,PC,RO,,,,,,,,,,,,,,6.3,5.8,5.2,5.3,5.2,6.2,5.9,6.3,6.3,6.8,8.4,9.1,8.4,8.1,8.9,9.1,10.5,9.9,11.8,11.9,11.9
108,A,F,NWANT,Y18-24,PC,RS,,,,,,,,,,,,,,,,,,,1.9,2.6,2.6,2.6,2.4,2.3,2.4,2.4,2.6,2.7,3.0,3.3,2.9,3.5,2.9,3.2
109,A,F,NWANT,Y18-24,PC,SE,,,,,,,,,,,,,,1.5,1.3,1.3,1.7,1.7,1.4,1.5,1.8,1.8,1.5,1.5,1.7,2.0,2.0,1.9,1.6,1.3,0.9,0.9,,0.9
110,A,F,NWANT,Y18-24,PC,SI,,,,,,,,,,,,,,0.9,1.3,0.9,0.8,0.9,1.2,,1.4,0.8,,1.3,1.0,1.4,1.2,1.7,1.2,,2.5,2.4,2.0,1.8
111,A,F,NWANT,Y18-24,PC,SK,,,,,,,,,,,,,,2.5,2.9,2.8,2.5,2.2,2.5,2.0,2.5,3.3,3.2,3.2,4.2,5.7,4.8,4.6,5.1,4.8,3.9,3.4,4.1,4.2
112,A,F,NWANT,Y18-24,PC,TR,,,,,,,,,,,,,,,40.0,39.4,37.6,35.1,32.8,31.0,29.5,26.5,26.5,24.0,23.1,21.9,20.8,18.3,16.6,14.1,12.8,11.6,10.1,8.6
113,A,F,NWANT,Y18-24,PC,UK,,,,,,,,,,,,,,3.1,3.1,5.1,4.8,4.7,4.6,4.3,4.2,3.2,3.1,2.8,2.7,2.6,2.5,2.8,,,,,,
114,A,F,POP,Y18-24,PC,AT,,,,17.3,14.9,12.5,,11.9,10.7,10.7,10.2,9.8,9.1,8.9,9.8,10.2,9.9,8.9,8.3,8.0,7.6,7.1,6.5,6.8,6.0,5.8,5.7,6.1,6.3,6.3,7.4,7.9,7.0,8.1
115,A,F,POP,Y18-24,PC,BA,,,,,,,,,,,,,,,,,,,,,,,,,,,,,,4.4,3.3,3.1,2.5,3.0
116,A,F,POP,Y18-24,PC,BE,16.5,16.3,14.2,13.5,11.0,11.2,12.3,12.7,11.0,11.3,11.0,11.6,10.8,10.5,10.0,10.3,10.6,9.3,10.0,9.7,9.5,8.7,7.7,8.6,7.4,7.3,6.5,6.2,5.9,4.5,4.8,4.4,4.8,4.9
117,A,F,POP,Y18-24,PC,BG,,,,,,,,,,20.0,19.4,21.3,20.6,20.3,17.0,14.7,15.5,15.8,12.9,12.6,13.0,12.7,12.9,13.4,13.9,13.5,12.8,13.1,12.0,12.8,11.4,9.2,8.2,9.4
118,A,F,POP,Y18-24,PC,CH,,,,,8.0,7.5,4.5,6.2,7.1,6.5,7.1,9.1,9.1,9.3,8.4,6.7,7.5,9.4,6.9,5.6,5.5,5.5,5.6,5.0,5.0,3.9,3.3,3.8,3.3,5.1,5.9,5.1,5.1,4.9
119,A,F,POP,Y18-24,PC,CY,,,,,,,,12.3,13.9,13.1,11.0,11.8,14.9,10.4,8.2,6.8,9.5,8.7,9.8,8.1,7.0,4.2,2.9,3.1,4.3,7.7,6.0,7.4,8.7,7.9,7.4,9.6,8.2,7.7
120,A,F,POP,Y18-24,PC,CZ,,,,,,,,,,,5.9,7.0,6.6,6.3,4.9,4.7,5.4,5.2,4.8,4.4,4.9,5.5,5.2,6.0,6.6,6.7,6.1,6.8,7.6,5.8,5.2,6.4,5.4,6.0
121,A,F,POP,Y18-24,PC,DE,,,,,14.2,13.5,,15.6,14.9,12.6,12.5,12.8,11.9,13.7,13.4,11.9,11.2,10.7,11.0,10.7,9.9,9.3,8.9,9.8,9.5,9.0,9.1,8.7,8.3,10.2,11.0,10.5,10.7,11.3
122,A,F,POP,Y18-24,PC,DK,12.2,7.9,7.9,6.9,12.1,10.3,10.0,9.1,10.4,7.7,8.2,10.0,7.1,6.9,7.7,9.5,10.3,8.4,8.4,8.0,7.9,6.5,6.4,6.2,6.3,6.3,8.0,7.6,6.7,8.1,7.8,9.0,9.6,8.7
123,A,F,POP,Y18-24,PC,EA21,,,,,,,,,,,16.0,15.6,14.9,14.9,14.4,13.8,13.5,13.2,12.7,12.2,11.5,10.8,9.9,9.9,9.3,8.9,8.9,8.5,8.0,7.8,8.0,7.7,7.6,7.4
124,A,F,POP,Y18-24,PC,EE,,,,,,,10.1,9.2,11.1,11.6,10.3,8.8,7.9,11.2,6.9,7.2,8.3,9.1,7.6,8.4,7.3,5.8,7.9,10.9,7.5,7.7,7.8,8.0,6.3,7.6,7.5,8.0,8.6,9.2
125,A,F,POP,Y18-24,PC,EL,22.0,21.8,20.2,18.8,17.8,16.7,16.1,15.4,13.6,13.1,12.3,11.7,11.3,9.5,10.6,10.3,10.6,10.5,10.6,10.0,8.9,7.5,6.6,6.4,5.3,4.9,3.6,3.2,3.1,2.9,4.5,3.6,2.4,2.4
126,A,F,POP,Y18-24,PC,ES,36.1,32.9,31.4,29.2,26.1,24.8,24.1,23.6,23.2,23.1,24.3,24.8,25.0,24.7,23.6,24.7,25.1,24.1,22.6,21.5,20.5,19.8,18.1,15.8,15.1,14.5,14.0,13.0,11.6,9.7,11.1,11.3,10.0,9.5
127,A,F,POP,Y18-24,PC,EU27_2020,,,,,,,,,,,14.6,14.2,13.5,13.4,12.9,12.4,12.2,12.0,11.6,11.1,10.6,10.0,9.4,9.4,9.1,8.9,8.7,8.4,8.1,7.9,8.0,7.7,7.7,7.5
128,A,F,POP,Y18-24,PC,FI,,,,,10.8,7.0,7.2,7.9,6.5,7.1,7.6,8.2,7.5,8.2,7.8,7.2,7.7,9.0,9.0,8.4,8.1,8.3,7.2,7.9,6.9,6.9,7.4,6.0,7.0,7.1,6.4,7.3,7.4,8.7
129,A,F,POP,Y18-24,PC,FR,,15.7,14.8,14.2,13.6,13.0,13.6,13.4,11.9,12.0,11.9,11.2,10.5,10.6,10.8,10.5,9.9,10.3,10.2,10.4,10.0,8.6,7.8,8.4,7.5,7.1,6.8,6.9,6.3,6.1,6.0,5.6,6.1,5.4
130,A,F,POP,Y18-24,PC,HR,,,,,,,,,,,6.9,6.4,4.6,4.2,4.1,2.7,3.4,4.2,3.0,3.6,4.2,3.2,2.5,1.9,2.1,2.1,3.0,3.0,2.1,1.8,1.4,1.2,1.4,1.5
131,A,F,POP,Y18-24,PC,HU,,,,,,17.6,15.4,12.7,13.4,12.6,11.9,11.3,11.5,11.3,11.3,10.2,11.0,10.8,10.1,10.6,11.2,11.4,10.3,11.2,11.8,13.0,12.3,11.0,11.2,11.7,11.6,10.4,9.9,9.0
132,A,F,POP,Y18-24,PC,IE,22.7,19.9,18.8,17.1,14.2,15.1,,,,,11.2,9.8,10.0,9.5,8.9,7.9,7.5,7.9,9.3,8.3,7.8,6.6,5.1,4.9,4.3,3.9,3.9,4.3,4.7,,2.7,2.9,,2.9
133,A,F,POP,Y18-24,PC,IS,,,,,,,,32.7,29.6,26.5,24.8,17.4,21.4,19.8,,18.7,22.4,17.4,19.0,17.1,16.5,16.4,13.6,12.4,15.6,12.7,14.5,10.8,11.6,8.9,10.8,9.0,10.1,
134,A,F,POP,Y18-24,PC,IT,35.2,34.5,32.8,30.2,29.0,27.3,24.5,24.2,21.7,22.2,20.5,19.6,19.2,18.4,17.0,16.4,16.7,16.2,15.3,14.9,14.3,13.6,12.2,11.8,11.3,11.2,12.1,11.3,11.3,10.5,9.1,7.6,7.1,6.2
135,A,F,POP,Y18-24,PC,LT,,,,,,,,,12.8,11.0,11.4,9.1,8.6,5.7,6.0,5.5,4.7,5.8,6.0,4.6,4.6,4.7,4.6,4.0,3.6,3.8,3.0,2.8,3.4,4.2,4.0,6.1,6.8,5.2
136,A,F,POP,Y18-24,PC,LU,41.1,41.7,35.5,33.9,37.9,30.5,,19.4,17.6,17.2,19.6,10.2,12.7,9.6,10.4,8.4,10.9,6.6,6.0,4.8,5.5,3.7,3.7,8.1,4.2,4.6,5.9,5.5,5.7,8.1,7.3,,,
137,A,F,POP,Y18-24,PC,LV,,,,,,,,,,,11.2,15.9,10.8,11.8,11.5,10.5,10.8,11.0,9.0,7.5,6.3,5.8,5.1,6.2,6.2,5.0,5.0,6.8,4.7,5.6,4.0,5.5,6.1,5.9
138,A,F,POP,Y18-24,PC,ME,,,,,,,,,,,,,,,,,,,,6.6,6.9,5.1,4.2,6.6,6.8,5.2,4.9,4.9,,,,,,
139,A,F,POP,Y18-24,PC,MK,,,,,,,,,,,,,,,25.9,22.0,21.7,18.5,17.5,15.2,12.3,13.9,14.0,12.9,10.9,8.7,8.5,8.4,5.8,6.9,6.9,8.2,7.0,8.5
140,A,F,POP,Y18-24,PC,MT,,,,,,,,,56.1,53.5,49.7,48.0,39.8,28.3,28.1,25.3,23.2,21.1,14.1,13.1,13.4,14.6,15.1,13.0,11.9,11.4,13.8,14.2,10.6,9.6,8.4,7.6,7.2,5.7
141,A,F,POP,Y18-24,PC,NL,,,,,17.1,15.2,14.0,14.9,14.1,13.8,13.8,12.9,11.7,11.6,10.2,9.2,8.9,9.0,7.7,7.2,7.2,7.4,6.8,6.4,5.8,4.6,5.3,5.5,5.3,3.8,4.3,5.2,5.2,5.3
142,A,F,POP,Y18-24,PC,NO,,,,,,,,,,,,,,,13.1,14.1,12.9,13.4,13.2,13.1,11.9,11.6,10.4,8.0,8.9,7.9,7.3,8.1,8.0,7.5,3.1,3.2,3.6,3.0
143,A,F,POP,Y18-24,PC,PL,,,,,,,,,,5.9,5.6,4.4,3.9,3.7,3.9,3.8,3.9,3.9,3.5,3.7,3.5,3.2,3.3,3.2,3.9,3.9,3.7,3.6,3.7,4.3,3.7,2.4,3.4,3.0
144,A,F,POP,Y18-24,PC,PT,44.2,40.7,39.2,35.5,34.4,34.4,41.2,38.9,36.5,37.0,37.3,33.6,30.9,30.2,30.7,30.0,28.2,25.8,24.0,17.6,14.1,14.3,14.1,11.0,10.6,9.8,8.7,7.4,5.2,4.0,4.1,6.1,5.3,4.5
145,A,F,POP,Y18-24,PC,RO,,,,,,20.0,18.4,20.0,22.0,21.4,22.1,21.5,21.1,19.1,18.0,17.4,16.0,17.2,19.0,17.2,16.9,15.9,16.7,18.5,18.7,18.1,16.1,15.8,16.6,15.5,15.0,16.7,18.3,17.2
146,A,F,POP,Y18-24,PC,RS,,,,,,,,,,,,,,,,,,,7.3,7.2,7.4,9.7,8.4,7.2,6.7,6.1,6.8,6.7,5.8,6.6,5.0,5.9,5.7,5.0
147,A,F,POP,Y18-24,PC,SE,,,,,6.0,6.2,,6.1,5.8,9.3,8.9,8.1,7.8,9.7,7.1,6.5,6.8,6.0,5.5,5.4,6.3,6.2,6.0,6.4,6.4,7.2,6.0,5.5,6.3,6.4,6.8,6.2,5.9,6.2
148,A,F,POP,Y18-24,PC,SI,,,,,,,,,,4.8,3.2,2.4,2.5,3.2,4.0,2.2,2.6,3.2,3.3,2.5,3.2,2.6,2.7,3.4,3.1,2.5,3.0,3.8,3.4,1.9,3.9,4.9,3.5,2.7
149,A,F,POP,Y18-24,PC,SK,,,,,,,,,,,5.8,4.8,6.3,5.9,5.8,5.8,4.9,4.1,4.9,4.6,4.6,6.1,6.6,6.8,7.2,10.3,8.8,7.9,7.4,7.5,7.3,6.0,7.1,6.4
150,A,F,POP,Y18-24,PC,TR,,,,,,,,,,,,,,,55.6,54.1,52.5,50.2,47.9,45.7,43.0,39.9,41.0,37.6,35.8,34.0,31.6,28.6,25.8,22.2,20.2,19.0,17.8,16.9
151,A,F,POP,Y18-24,PC,UK,36.7,38.5,33.6,,,,,19.4,17.5,17.0,17.1,11.6,11.2,10.5,10.2,15.6,15.6,14.5,13.9,13.8,12.2,11.1,10.8,9.9,9.6,9.0,9.1,9.4,,,,,,
152,A,F,WANT,Y18-24,PC,AT,,,,,,,,,,,,,,3.1,2.6,2.6,2.8,3.0,2.6,2.5,2.6,2.6,2.2,2.2,2.3,1.9,1.4,2.1,2.4,2.3,2.1,2.6,2.1,3.5
153,A,F,WANT,Y18-24,PC,BA,,,,,,,,,,,,,,,,,,,,,,,,,,,,,,1.3,1.4,0.7,,
154,A,F,WANT,Y18-24,PC,BE,,,,,,,,,,,,,,3.5,3.4,3.3,3.1,3.1,3.2,3.9,3.4,3.3,2.9,3.5,2.5,2.4,1.9,2.0,1.8,1.3,1.5,1.4,1.3,1.4
155,A,F,WANT,Y18-24,PC,BG,,,,,,,,,,,,,,7.9,6.5,4.5,4.1,4.2,4.3,4.1,4.0,4.0,4.0,3.7,3.2,2.4,2.2,2.1,,2.7,2.9,1.8,,
156,A,F,WANT,Y18-24,PC,CH,,,,,,,,,,,,,,3.6,2.0,2.1,1.7,3.1,2.2,1.4,1.6,1.8,1.9,1.8,1.9,1.5,1.1,1.2,1.1,2.3,2.6,2.0,2.2,1.9
157,A,F,WANT,Y18-24,PC,CY,,,,,,,,,,,,,,1.9,,,,,,,1.8,,,,,1.6,,,,,,2.5,2.5,
158,A,F,WANT,Y18-24,PC,CZ,,,,,,,,,,,,,,1.6,1.4,0.9,1.1,1.5,1.3,1.0,1.4,1.6,1.0,1.3,1.2,1.2,0.8,0.8,1.1,0.8,0.9,1.3,1.3,1.7
159,A,F,WANT,Y18-24,PC,DE,,,,,,,,,,,,,,5.4,5.2,4.7,4.5,4.0,3.6,3.5,3.5,3.3,3.1,3.2,3.1,2.9,2.7,2.5,2.8,3.2,3.1,2.9,2.8,3.4
160,A,F,WANT,Y18-24,PC,DK,,,,,,,,,,,,,,1.3,1.3,2.2,3.0,2.5,2.5,3.0,2.6,2.0,2.3,2.2,2.7,2.3,2.3,2.7,1.8,1.7,1.6,2.2,2.8,2.7
161,A,F,WANT,Y18-24,PC,EA21,,,,,,,,,,,,,,5.0,4.7,4.5,4.5,4.8,4.8,4.8,4.8,4.8,4.4,4.1,3.8,3.4,3.3,3.0,3.2,2.9,2.8,2.6,2.4,2.5
162,A,F,WANT,Y18-24,PC,EE,,,,,,,,,,,,,,2.8,,2.0,,3.5,2.9,3.1,2.6,,,2.8,,,,2.6,2.5,,,,,
163,A,F,WANT,Y18-24,PC,EL,,,,,,,,,,,,,,1.9,3.2,2.5,2.7,3.0,3.0,3.8,3.6,3.3,3.3,3.0,2.4,2.3,2.1,1.5,1.2,1.2,2.0,1.0,0.9,1.0
164,A,F,WANT,Y18-24,PC,ES,,,,,,,,,,,,,,6.8,5.8,6.2,7.4,9.8,10.1,10.0,10.7,11.1,9.8,7.9,7.3,6.1,5.5,5.1,5.3,4.2,4.7,4.0,3.6,3.2
165,A,F,WANT,Y18-24,PC,EU27_2020,,,,,,,,,,,,,,4.5,4.2,4.0,3.9,4.3,4.3,4.3,4.2,4.2,3.9,3.7,3.4,3.1,2.9,2.7,2.8,2.6,2.5,2.3,2.2,2.4
166,A,F,WANT,Y18-24,PC,FI,,,,,,,,,,,,,,1.9,1.7,1.7,1.5,2.6,2.3,2.1,2.1,2.3,1.9,2.3,2.1,2.2,2.1,1.2,1.7,1.2,1.2,,,2.0
167,A,F,WANT,Y18-24,PC,FR,,,,,,,,,,,,,,4.0,4.4,3.9,3.3,3.8,4.2,4.2,3.9,3.6,3.2,3.3,3.0,2.6,2.5,2.6,2.7,2.4,1.8,1.9,2.0,2.2
168,A,F,WANT,Y18-24,PC,HR,,,,,,,,,,,,,,,,0.7,0.9,1.2,0.7,1.9,2.3,1.9,1.4,1.0,0.9,1.3,0.8,,,,,,,
169,A,F,WANT,Y18-24,PC,HU,,,,,,,,,,,,,,3.1,3.2,2.7,2.5,3.2,2.8,3.3,3.9,4.3,3.6,3.5,3.4,3.4,3.4,3.6,3.3,3.0,2.1,2.1,2.4,1.8
170,A,F,WANT,Y18-24,PC,IE,,,,,,,,,,,,,,2.0,1.9,1.6,1.7,2.2,2.8,2.7,2.8,2.2,1.7,1.8,1.0,1.1,1.3,,,,,,,
171,A,F,WANT,Y18-24,PC,IS,,,,,,,,,,,,,,,,,,,3.6,,,,,,,,,,,,,,,
172,A,F,WANT,Y18-24,PC,IT,,,,,,,,,,,,,,7.6,6.8,7.0,6.9,7.1,7.0,7.0,6.9,7.1,6.8,6.5,5.9,5.7,6.1,5.5,5.6,5.0,4.2,3.5,2.9,2.7
173,A,F,WANT,Y18-24,PC,LT,,,,,,,,,,,,,,,,,,,,,,2.1,1.6,,,,,,1.1,1.3,,,,
174,A,F,WANT,Y18-24,PC,LU,,,,,,,,,,,,,,,,,4.3,3.2,,,,,,2.5,,,2.6,2.8,2.6,2.3,2.6,,,
175,A,F,WANT,Y18-24,PC,LV,,,,,,,,,,,,,,4.4,4.6,3.5,3.2,5.7,4.5,3.1,3.5,2.7,2.0,1.7,,,,,,,,,,
176,A,F,WANT,Y18-24,PC,ME,,,,,,,,,,,,,,,,,,,,,,,,4.0,,,,,,,,,,
177,A,F,WANT,Y18-24,PC,MK,,,,,,,,,,,,,,,10.5,8.2,7.7,6.5,3.8,4.8,3.7,3.3,5.2,3.0,2.6,1.6,2.1,2.1,1.4,2.3,2.7,2.5,2.1,2.0
178,A,F,WANT,Y18-24,PC,MT,,,,,,,,,,,,,,3.5,4.2,3.5,2.4,3.9,2.9,2.7,3.6,3.2,4.1,3.7,3.6,3.3,,3.2,,,,,,
179,A,F,WANT,Y18-24,PC,NL,,,,,,,,,,,,,,2.7,2.1,2.0,1.5,1.8,1.6,1.5,1.7,2.0,2.1,1.5,1.4,1.0,1.0,1.0,0.8,1.1,1.1,1.4,1.4,1.6
180,A,F,WANT,Y18-24,PC,NO,,,,,,,,,,,,,,,2.3,1.9,1.8,2.1,2.0,2.5,2.3,2.8,1.9,1.4,1.4,,,,,,,,,
181,A,F,WANT,Y18-24,PC,PL,,,,,,,,,,,,,,2.0,1.9,1.5,1.5,1.6,1.4,1.5,1.5,1.3,1.4,1.1,1.2,1.2,0.9,0.9,,,,,,
182,A,F,WANT,Y18-24,PC,PT,,,,,,,,,,,,,,5.5,5.4,6.3,5.5,5.4,5.3,5.7,5.4,5.8,6.1,4.8,4.2,3.6,2.7,2.2,1.7,1.6,1.5,2.0,1.9,2.0
183,A,F,WANT,Y18-24,PC,RO,,,,,,,,,,,,,,5.0,4.5,4.8,4.1,4.8,5.1,4.5,3.4,3.2,3.4,3.6,3.7,3.3,2.3,1.6,1.8,1.7,2.2,2.6,2.6,2.8
184,A,F,WANT,Y18-24,PC,RS,,,,,,,,,,,,,,,,,,,3.7,3.6,3.8,5.6,4.5,3.3,2.7,2.6,2.8,2.6,1.8,1.4,1.2,1.6,1.8,1.1
185,A,F,WANT,Y18-24,PC,SE,,,,,,,,,,,,,,2.9,2.3,1.8,1.9,2.1,1.7,1.5,1.7,1.7,1.7,1.8,1.5,1.8,1.1,1.4,2.2,1.5,1.7,1.4,2.1,2.2
186,A,F,WANT,Y18-24,PC,SI,,,,,,,,,,,,,,1.6,1.4,0.7,,1.0,0.9,1.5,1.5,1.4,1.4,1.1,1.6,,1.3,1.2,1.3,,,,,
187,A,F,WANT,Y18-24,PC,SK,,,,,,,,,,,,,,2.7,2.4,2.2,1.9,1.5,1.9,2.1,1.4,1.7,2.4,2.5,2.0,2.3,2.2,2.2,1.5,,,,,
188,A,F,WANT,Y18-24,PC,TR,,,,,,,,,,,,,,,4.2,3.9,4.0,4.7,4.2,3.5,3.3,3.7,4.1,4.0,3.9,3.4,3.2,3.5,3.8,3.4,2.9,2.9,3.3,4.4
189,A,F,WANT,Y18-24,PC,UK,,,,,,,,,,,,,,2.6,2.6,4.0,4.7,4.1,4.4,4.6,4.1,4.0,3.5,3.1,2.5,1.9,1.8,2.1,,,,,,
190,A,M,EMP,Y18-24,PC,AT,,,,,,,,,,,,,,6.1,6.2,7.2,6.8,4.9,5.2,5.1,4.7,3.8,3.5,4.3,3.9,4.7,5.2,5.4,4.8,5.6,5.8,5.6,5.4,6.4
191,A,M,EMP,Y18-24,PC,BA,,,,,,,,,,,,,,,,,,,,,,,,,,,,,,2.1,1.4,1.4,1.2,
192,A,M,EMP,Y18-24,PC,BE,,,,,,,,,,,,,,8.7,9.0,8.0,7.7,7.0,6.7,8.0,7.2,5.6,5.1,4.9,4.6,5.2,5.3,4.3,4.6,4.5,4.2,3.8,4.0,4.0
193,A,M,EMP,Y18-24,PC,BG,,,,,,,,,,,,,,6.1,6.3,6.0,5.6,5.0,3.9,2.8,3.2,3.1,3.5,3.9,4.3,5.0,5.7,7.2,5.7,4.1,3.6,4.1,3.5,2.9
194,A,M,EMP,Y18-24,PC,CH,,,,,,,,,,,,,,7.4,7.6,6.6,6.1,6.1,4.1,4.9,3.5,4.0,3.2,3.1,2.5,2.6,2.6,2.6,2.5,2.1,3.2,3.0,3.4,3.1
195,A,M,EMP,Y18-24,PC,CY,,,,,,,,,,,,,,22.0,19.4,15.6,14.9,12.5,12.4,10.8,8.8,6.5,6.4,3.7,6.6,4.0,4.8,5.9,8.9,9.0,5.2,5.2,8.6,8.0
196,A,M,EMP,Y18-24,PC,CZ,,,,,,,,,,,,,,2.1,2.7,3.2,2.9,2.5,2.4,2.3,2.3,2.6,3.4,3.1,3.4,4.3,3.9,4.4,4.9,4.2,3.5,3.7,3.2,3.4
197,A,M,EMP,Y18-24,PC,DE,,,,,,,,,,,,,,6.0,7.0,6.5,6.5,5.5,6.8,7.1,5.9,5.6,5.1,5.4,5.6,5.9,6.6,7.1,6.7,7.8,8.7,9.3,8.8,8.4
198,A,M,EMP,Y18-24,PC,DK,,,,,,,,,,,,,,7.9,8.6,12.5,10.4,9.2,8.2,7.1,5.8,5.0,4.5,4.9,3.8,5.8,7.0,6.7,6.7,7.2,7.6,7.3,6.8,6.5
199,A,M,EMP,Y18-24,PC,EA21,,,,,,,,,,,,,,12.8,12.8,12.5,11.6,9.5,9.1,8.3,7.2,6.4,5.7,5.7,5.7,5.9,6.2,6.3,5.9,5.6,6.0,6.3,6.1,6.0
200,A,M,EMP,Y18-24,PC,EE,,,,,,,,,,,,,,11.6,14.5,14.4,14.7,8.8,6.2,7.4,8.2,8.8,10.6,11.7,11.6,10.8,10.1,9.8,5.9,6.1,7.0,5.7,7.3,6.0
201,A,M,EMP,Y18-24,PC,EL,,,,,,,,,,,,,,13.3,15.7,14.7,14.2,13.5,10.8,8.9,6.3,4.8,5.2,4.4,3.5,3.5,2.6,2.0,2.1,1.5,2.3,2.2,1.8,1.8
202,A,M,EMP,Y18-24,PC,ES,,,,,,,,,,,,,,28.5,28.8,28.8,25.8,19.6,16.1,13.8,11.6,10.0,9.4,10.2,10.1,10.5,11.0,11.7,8.9,8.1,8.6,8.2,8.6,9.3
203,A,M,EMP,Y18-24,PC,EU27_2020,,,,,,,,,,,,,,11.0,11.0,10.9,10.3,8.6,8.2,7.6,6.8,6.1,5.7,5.7,5.7,5.9,6.2,6.2,5.9,5.6,5.9,6.0,5.8,5.6
204,A,M,EMP,Y18-24,PC,FI,,,,,,,,,,,,,,8.3,7.5,7.4,7.5,5.3,5.8,5.6,4.9,4.4,4.7,4.1,3.6,4.1,4.2,3.8,4.2,4.7,4.7,6.1,4.7,4.6
205,A,M,EMP,Y18-24,PC,FR,,,,,,,,,,,,,,7.9,7.7,8.4,7.3,6.4,7.2,6.6,6.1,4.9,3.9,3.5,3.7,3.9,4.1,3.7,4.0,3.3,3.6,3.5,3.4,3.3
206,A,M,EMP,Y18-24,PC,HR,,,,,,,,,,,,,,2.9,2.1,2.9,2.3,1.7,1.6,1.5,1.6,1.0,,0.6,1.2,1.2,1.0,,,0.9,1.3,1.2,0.8,1.0
207,A,M,EMP,Y18-24,PC,HU,,,,,,,,,,,,,,6.6,6.7,6.3,5.9,4.6,4.7,4.8,4.7,4.8,6.1,6.1,7.3,7.0,7.8,7.7,7.8,7.7,7.3,7.8,5.8,5.2
208,A,M,EMP,Y18-24,PC,IE,,,,,,,,,,,,,,10.3,11.0,11.1,8.9,6.4,4.9,4.0,3.3,4.2,3.0,3.0,3.4,2.2,2.0,,,,2.5,2.5,,
209,A,M,EMP,Y18-24,PC,IS,,,,,,,,,,,,,,25.5,,24.5,22.4,16.9,20.0,16.4,17.8,18.5,18.8,20.0,20.3,19.1,23.5,19.4,13.7,14.9,18.0,18.2,16.8,
210,A,M,EMP,Y18-24,PC,IT,,,,,,,,,,,,,,16.5,15.1,14.2,13.8,12.4,11.2,10.1,8.8,8.0,6.6,6.7,6.0,6.2,6.4,6.3,6.8,6.2,6.5,7.0,6.8,5.6
211,A,M,EMP,Y18-24,PC,LT,,,,,,,,,,,,,,7.4,6.5,6.9,5.3,4.6,3.1,3.6,3.1,2.9,3.8,3.1,2.2,3.3,3.3,2.5,3.6,3.4,2.5,1.9,,
212,A,M,EMP,Y18-24,PC,LU,,,,,,,,,,,,,,13.3,12.8,12.1,12.1,5.9,3.9,5.1,6.3,4.4,5.8,6.5,,4.9,4.4,5.7,5.8,4.6,5.1,,,
213,A,M,EMP,Y18-24,PC,LV,,,,,,,,,,,,,,13.1,14.6,15.5,13.8,7.3,8.0,8.3,8.0,7.0,6.4,9.4,6.3,7.2,7.7,6.3,5.7,5.7,5.6,5.6,5.7,6.9
214,A,M,EMP,Y18-24,PC,ME,,,,,,,,,,,,,,,,,,,,,,,,,,,,,,,,,,
215,A,M,EMP,Y18-24,PC,MK,,,,,,,,,,,,,,,6.4,6.4,6.8,6.0,4.2,3.7,3.0,2.7,4.0,5.0,3.4,2.6,2.2,3.6,2.1,2.0,2.6,4.0,3.3,4.4
216,A,M,EMP,Y18-24,PC,MT,,,,,,,,,,,,,,28.5,30.3,27.2,26.4,22.4,21.8,18.6,16.9,14.4,14.1,15.2,15.3,12.6,10.6,10.4,10.1,8.2,6.8,8.8,9.4,7.7
217,A,M,EMP,Y18-24,PC,NL,,,,,,,,,,,,,,12.0,11.3,11.3,10.7,9.5,8.3,7.8,7.4,7.2,6.8,6.2,6.5,6.1,6.2,6.2,5.6,4.8,5.2,5.3,6.5,7.1
218,A,M,EMP,Y18-24,PC,NO,,,,,,,,,,,,,,,18.2,18.4,17.2,16.7,16.7,15.8,13.3,10.8,8.5,8.7,8.7,9.5,8.7,8.3,8.2,7.9,,,,2.4
219,A,M,EMP,Y18-24,PC,PL,,,,,,,,,,,,,,2.4,2.5,3.0,3.4,3.5,3.3,3.3,3.6,3.6,3.3,3.3,3.0,3.2,3.2,4.2,3.8,3.3,2.9,2.4,1.9,2.3
220,A,M,EMP,Y18-24,PC,PT,,,,,,,,,,,,,,37.1,37.2,34.3,33.5,26.4,23.6,17.8,15.1,12.5,11.5,9.5,9.9,9.6,9.8,9.0,7.8,5.2,5.3,6.3,4.5,4.9
221,A,M,EMP,Y18-24,PC,RO,,,,,,,,,,,,,,12.9,11.5,11.7,11.4,11.1,12.4,10.5,11.0,11.0,11.5,11.9,11.4,12.1,11.0,10.1,9.8,7.5,8.5,8.6,7.5,6.0
222,A,M,EMP,Y18-24,PC,RS,,,,,,,,,,,,,,,,,,,4.3,3.9,3.4,3.9,3.9,3.3,3.2,3.0,2.6,2.5,1.9,3.8,3.2,2.3,3.4,2.4
223,A,M,EMP,Y18-24,PC,SE,,,,,,,,,,,,,,6.4,5.7,6.2,5.5,4.4,4.0,4.4,4.7,4.4,4.1,4.6,4.9,5.2,5.6,4.7,5.4,6.5,7.0,5.3,4.9,4.5
224,A,M,EMP,Y18-24,PC,SI,,,,,,,,,,,,,,3.3,3.9,3.7,4.9,4.0,2.9,2.2,1.9,1.6,2.1,2.3,2.9,3.2,3.1,2.8,2.2,2.0,1.5,3.3,2.9,3.4
225,A,M,EMP,Y18-24,PC,SK,,,,,,,,,,,,,,1.4,1.8,2.0,2.1,1.6,1.5,2.0,1.8,2.4,2.6,2.0,2.8,3.1,3.0,2.7,2.1,,,,,2.7
226,A,M,EMP,Y18-24,PC,TR,,,,,,,,,,,,,,,28.1,26.4,25.3,23.7,25.2,27.0,24.8,24.6,25.4,25.0,23.1,22.1,21.6,19.0,16.7,16.2,15.8,13.8,13.6,13.1
227,A,M,EMP,Y18-24,PC,UK,,,,,,,,,,,,,,8.5,8.1,11.4,11.7,9.7,8.6,8.6,7.5,7.5,7.2,7.1,7.3,7.0,7.3,7.1,,,,,,
228,A,M,NEMP,Y18-24,PC,AT,,,,,,,,,,,,,,3.6,4.1,4.2,3.7,3.7,3.2,3.9,3.4,4.1,4.1,3.6,3.8,4.3,3.7,4.2,5.2,4.0,3.7,3.7,3.8,5.6
229,A,M,NEMP,Y18-24,PC,BA,,,,,,,,,,,,,,,,,,,,,,,,,,,,,,2.8,2.5,3.7,3.8,2.5
230,A,M,NEMP,Y18-24,PC,BE,,,,,,,,,,,,,,6.6,6.1,5.9,5.7,5.9,7.2,6.9,7.2,7.6,6.7,6.7,5.6,5.2,5.2,6.2,5.6,4.4,3.8,4.1,5.2,5.5
231,A,M,NEMP,Y18-24,PC,BG,,,,,,,,,,,,,,14.5,11.4,9.2,8.5,8.7,8.5,8.4,8.9,9.3,9.4,9.4,9.3,7.0,6.9,7.4,7.8,7.2,5.5,5.4,4.7,5.0
232,A,M,NEMP,Y18-24,PC,CH,,,,,,,,,,,,,,2.6,3.1,1.9,1.7,2.7,2.3,2.2,2.2,1.8,2.4,2.3,2.4,2.4,2.8,2.5,2.2,2.9,3.8,3.2,2.9,3.0
233,A,M,NEMP,Y18-24,PC,CY,,,,,,,,,,,,,,5.1,3.0,3.9,4.0,2.7,3.8,4.3,7.7,8.3,4.8,4.0,4.8,5.3,5.1,4.5,5.5,2.7,4.0,6.1,5.9,3.9
234,A,M,NEMP,Y18-24,PC,CZ,,,,,,,,,,,,,,4.0,2.7,2.5,2.9,3.0,2.5,3.1,3.7,2.9,2.4,3.3,3.3,2.5,2.5,2.2,2.6,2.8,3.6,2.7,2.1,2.8
235,A,M,NEMP,Y18-24,PC,DE,,,,,,,,,,,,,,7.3,7.0,6.7,5.9,6.0,5.8,5.4,5.2,4.7,4.9,5.0,5.3,5.1,4.9,4.7,5.0,6.4,5.2,6.1,6.1,6.5
236,A,M,NEMP,Y18-24,PC,DK,,,,,,,,,,,,,,2.6,1.9,3.8,4.6,5.1,6.2,5.5,5.4,4.9,5.2,5.0,4.8,5.4,5.6,5.4,5.0,4.4,4.5,4.5,4.3,4.7
237,A,M,NEMP,Y18-24,PC,EA21,,,,,,,,,,,,,,7.2,6.9,6.6,7.0,8.4,8.5,8.3,8.5,8.1,7.7,7.4,7.0,6.8,6.5,6.1,6.6,6.2,5.4,5.6,5.5,5.2
238,A,M,NEMP,Y18-24,PC,EE,,,,,,,,,,,,,,5.1,5.0,7.0,5.1,9.1,8.1,5.4,5.1,4.8,5.5,4.7,3.9,5.1,6.0,4.6,4.8,5.9,7.3,5.7,6.0,5.1
239,A,M,NEMP,Y18-24,PC,EL,,,,,,,,,,,,,,3.8,3.9,3.4,3.8,4.4,5.6,6.9,7.4,7.9,6.3,5.0,3.6,3.6,3.1,2.9,2.4,1.9,1.6,1.6,1.9,1.8
240,A,M,NEMP,Y18-24,PC,ES,,,,,,,,,,,,,,8.4,7.9,7.8,12.3,17.8,17.5,17.2,17.3,17.2,16.2,13.9,12.6,11.4,10.8,9.7,11.4,8.6,8.1,7.8,7.1,6.6
241,A,M,NEMP,Y18-24,PC,EU27_2020,,,,,,,,,,,,,,6.7,6.4,6.0,6.2,7.4,7.6,7.6,7.7,7.4,7.1,6.8,6.5,6.2,5.9,5.6,6.0,5.9,5.2,5.3,5.2,5.0
242,A,M,NEMP,Y18-24,PC,FI,,,,,,,,,,,,,,4.2,4.3,3.7,4.6,5.5,5.7,5.6,4.8,6.0,7.1,6.5,5.4,5.5,5.0,4.7,5.1,4.6,5.6,5.8,7.1,6.5
243,A,M,NEMP,Y18-24,PC,FR,,,,,,,,,,,,,,6.4,6.9,6.8,6.6,8.1,8.1,7.5,7.6,5.8,6.0,6.5,6.3,6.5,6.5,5.9,5.7,6.3,5.6,6.0,6.0,5.2
244,A,M,NEMP,Y18-24,PC,HR,,,,,,,,,,,,,,3.1,3.1,2.4,1.9,2.7,3.2,3.4,4.2,4.4,2.6,2.8,2.3,2.5,2.3,2.4,1.9,2.0,1.5,1.5,1.7,1.7
245,A,M,NEMP,Y18-24,PC,HU,,,,,,,,,,,,,,7.1,7.0,6.3,6.5,7.6,6.9,7.5,7.7,7.6,6.4,5.9,5.7,5.0,4.8,5.0,5.0,4.6,5.5,4.8,4.9,4.4
246,A,M,NEMP,Y18-24,PC,IE,,,,,,,,,,,,,,5.1,4.5,5.0,6.9,9.3,9.6,9.9,8.7,6.5,5.3,5.7,4.3,3.9,4.1,4.2,3.8,2.6,,2.6,,2.7
247,A,M,NEMP,Y18-24,PC,IS,,,,,,,,,,,,,,4.2,,,3.8,8.2,6.0,5.9,5.7,5.9,5.5,5.0,3.2,3.4,4.1,5.0,4.1,4.7,3.7,4.0,3.3,
248,A,M,NEMP,Y18-24,PC,IT,,,,,,,,,,,,,,9.3,8.7,8.4,8.6,9.4,10.6,10.6,11.4,12.0,11.1,10.8,10.1,10.4,9.9,8.9,10.1,8.6,7.1,6.1,5.4,4.5
249,A,M,NEMP,Y18-24,PC,LT,,,,,,,,,,,,,,3.6,5.0,,4.9,7.0,6.7,6.4,5.0,4.9,3.3,3.7,3.8,3.6,2.8,2.7,4.0,2.9,3.1,4.7,9.2,6.1
250,A,M,NEMP,Y18-24,PC,LU,,,,,,,,,,,,,,3.6,4.9,4.5,3.7,2.9,4.1,,4.4,4.1,2.6,4.0,4.3,5.0,,3.2,4.9,5.8,3.9,,,
251,A,M,NEMP,Y18-24,PC,LV,,,,,,,,,,,,,,5.9,4.8,5.1,6.2,10.3,8.8,7.5,6.7,6.6,5.3,4.0,7.4,4.8,3.7,4.1,3.8,,3.7,4.4,3.8,4.6
252,A,M,NEMP,Y18-24,PC,ME,,,,,,,,,,,,,,,,,,,,4.1,4.0,4.4,,,,,,,,,,,,
253,A,M,NEMP,Y18-24,PC,MK,,,,,,,,,,,,,,,13.5,11.5,10.8,8.1,9.4,8.1,8.1,6.4,7.1,5.1,5.6,5.8,3.4,2.4,3.6,3.4,2.9,4.6,5.6,6.0
254,A,M,NEMP,Y18-24,PC,MT,,,,,,,,,,,,,,8.9,5.9,7.6,4.7,7.6,6.5,5.6,5.7,5.1,4.7,4.0,3.8,3.8,3.5,3.8,4.8,3.7,5.1,,,3.5
255,A,M,NEMP,Y18-24,PC,NL,,,,,,,,,,,,,,4.9,4.1,3.2,3.1,4.1,4.1,3.3,3.2,4.0,3.7,3.7,3.6,3.3,3.0,3.3,3.1,1.6,1.6,1.9,2.2,2.3
256,A,M,NEMP,Y18-24,PC,NO,,,,,,,,,,,,,,,4.3,4.3,3.8,5.0,4.8,4.1,4.3,4.9,4.4,3.7,4.2,3.2,3.5,3.3,3.4,4.2,,,,2.2
257,A,M,NEMP,Y18-24,PC,PL,,,,,,,,,,,,,,4.4,4.4,3.2,2.6,3.1,3.9,4.1,4.2,4.4,4.1,3.9,3.3,2.7,2.6,2.4,3.1,4.0,2.9,2.4,2.8,2.7
258,A,M,NEMP,Y18-24,PC,PT,,,,,,,,,,,,,,9.1,8.9,8.5,7.9,9.4,8.9,10.2,11.6,10.6,9.0,6.6,7.3,5.6,4.6,4.5,5.1,3.4,3.1,3.7,3.4,2.7
259,A,M,NEMP,Y18-24,PC,RO,,,,,,,,,,,,,,7.2,6.2,5.4,4.5,5.0,7.1,8.6,7.5,7.6,7.9,7.6,7.0,5.9,5.7,4.8,4.9,7.6,7.6,7.9,8.0,7.8
260,A,M,NEMP,Y18-24,PC,RS,,,,,,,,,,,,,,,,,,,4.8,5.7,5.3,4.3,4.4,4.5,4.0,3.3,4.2,4.0,3.4,4.9,3.3,3.5,3.4,2.9
261,A,M,NEMP,Y18-24,PC,SE,,,,,,,,,,,,,,5.4,4.3,3.3,3.5,3.6,3.5,3.3,3.8,3.5,3.2,3.0,3.3,3.0,3.3,2.7,3.6,3.6,3.5,3.2,3.5,2.6
262,A,M,NEMP,Y18-24,PC,SI,,,,,,,,,,,,,,3.1,3.2,2.1,2.3,3.2,3.5,3.5,3.5,3.4,3.8,4.1,3.9,2.6,2.2,2.4,2.5,2.2,2.6,2.5,3.3,4.4
263,A,M,NEMP,Y18-24,PC,SK,,,,,,,,,,,,,,5.2,5.5,5.2,5.0,4.1,3.1,3.4,4.2,4.3,4.3,4.9,4.7,5.4,5.3,6.1,5.7,6.7,5.8,4.8,5.9,4.5
264,A,M,NEMP,Y18-24,PC,TR,,,,,,,,,,,,,,,13.2,12.6,12.6,14.2,12.6,10.7,11.3,10.4,10.2,10.1,9.6,8.9,8.8,9.9,10.9,7.8,6.4,6.2,5.9,5.6
265,A,M,NEMP,Y18-24,PC,UK,,,,,,,,,,,,,,4.0,4.2,6.1,6.6,7.3,7.0,7.5,7.0,6.1,5.7,4.6,5.5,5.2,4.9,5.2,,,,,,
266,A,M,NWANT,Y18-24,PC,AT,,,,,,,,,,,,,,,,,,,,0.9,,1.0,,,0.9,,,,,,,,,1.2
267,A,M,NWANT,Y18-24,PC,BA,,,,,,,,,,,,,,,,,,,,,,,,,,,,,,1.4,1.8,2.4,2.3,2.0
268,A,M,NWANT,Y18-24,PC,BE,,,,,,,,,,,,,,2.1,2.0,2.1,1.9,1.6,1.7,2.2,1.9,1.7,1.9,1.7,1.7,1.6,2.2,2.7,2.2,1.8,1.4,2.0,2.1,2.3
269,A,M,NWANT,Y18-24,PC,BG,,,,,,,,,,,,,,3.2,2.6,2.7,3.1,3.2,2.7,2.9,2.4,2.6,3.2,4.4,4.7,3.4,3.2,4.1,4.3,3.2,3.2,3.1,2.6,3.1
270,A,M,NWANT,Y18-24,PC,CH,,,,,,,,,,,,,,,,,,,0.6,0.4,0.4,,0.4,0.3,0.5,0.5,0.6,0.6,0.5,0.6,0.9,0.7,0.5,0.8
271,A,M,NWANT,Y18-24,PC,CY,,,,,,,,,,,,,,,2.0,2.0,2.1,,,,2.3,,,,2.3,2.5,2.2,2.5,2.7,,,3.3,3.7,
272,A,M,NWANT,Y18-24,PC,CZ,,,,,,,,,,,,,,1.6,0.5,0.7,1.1,0.8,0.7,0.9,0.9,0.7,0.5,1.3,1.3,1.3,1.2,1.2,1.3,1.6,2.3,1.2,0.9,1.4
273,A,M,NWANT,Y18-24,PC,DE,,,,,,,,,,,,,,1.2,1.1,1.2,1.1,1.0,1.4,1.3,1.2,1.0,1.1,1.2,1.5,1.4,1.4,1.3,1.3,2.0,1.3,1.8,1.7,1.9
274,A,M,NWANT,Y18-24,PC,DK,,,,,,,,,,,,,,,0.9,,1.2,1.1,1.6,1.4,2.1,2.1,2.3,2.3,1.3,2.2,2.5,2.3,2.2,1.9,2.0,2.1,1.6,1.6
275,A,M,NWANT,Y18-24,PC,EA21,,,,,,,,,,,,,,1.4,1.4,1.4,1.4,1.4,1.5,1.5,1.4,1.3,1.3,1.4,1.5,1.6,1.6,1.6,1.7,1.8,1.5,1.7,1.7,1.6
276,A,M,NWANT,Y18-24,PC,EE,,,,,,,,,,,,,,,,2.2,,,,,,,,,,,,,,3.0,3.2,,,
277,A,M,NWANT,Y18-24,PC,EL,,,,,,,,,,,,,,1.4,1.1,1.1,1.2,1.2,1.3,1.2,1.1,0.9,1.2,1.3,1.0,1.1,0.8,0.8,1.1,0.6,0.7,0.8,1.4,1.0
278,A,M,NWANT,Y18-24,PC,ES,,,,,,,,,,,,,,1.7,1.8,1.9,2.1,1.7,1.6,1.5,1.4,1.6,1.8,1.9,1.8,1.8,1.9,2.0,2.7,2.0,1.7,1.7,1.9,1.6
279,A,M,NWANT,Y18-24,PC,EU27_2020,,,,,,,,,,,,,,1.4,1.4,1.3,1.3,1.3,1.5,1.4,1.4,1.4,1.4,1.5,1.5,1.6,1.6,1.6,1.7,1.9,1.7,1.7,1.8,1.7
280,A,M,NWANT,Y18-24,PC,FI,,,,,,,,,,,,,,1.5,1.4,1.2,1.5,1.6,2.0,1.8,1.7,2.2,3.2,2.3,2.5,2.7,2.5,1.9,1.8,2.7,3.3,3.3,3.5,3.3
281,A,M,NWANT,Y18-24,PC,FR,,,,,,,,,,,,,,1.2,1.1,1.1,1.1,1.4,1.7,1.3,1.2,1.0,1.0,1.3,1.3,1.5,1.6,1.5,1.6,2.0,1.8,2.2,2.1,1.9
282,A,M,NWANT,Y18-24,PC,HR,,,,,,,,,,,,,,,,0.8,,,,0.8,1.1,0.8,,0.9,0.7,0.8,1.2,1.5,1.2,1.5,0.9,,0.8,1.0
283,A,M,NWANT,Y18-24,PC,HU,,,,,,,,,,,,,,2.0,2.1,2.0,2.2,1.9,1.5,1.6,1.8,1.8,2.0,1.5,1.4,1.7,1.6,1.7,1.5,1.4,2.3,1.9,1.8,2.0
284,A,M,NWANT,Y18-24,PC,IE,,,,,,,,,,,,,,1.9,1.5,0.9,1.2,1.4,1.3,1.6,1.4,1.2,1.4,1.6,1.7,2.0,1.7,,,,,,,
285,A,M,NWANT,Y18-24,PC,IS,,,,,,,,,,,,,,,,,,,,,,,,,,,,,,,,,,
286,A,M,NWANT,Y18-24,PC,IT,,,,,,,,,,,,,,1.2,1.7,1.3,1.5,1.4,1.7,1.8,1.7,2.0,1.5,1.4,1.3,2.0,2.0,1.6,1.8,1.8,1.8,1.2,1.2,1.0
287,A,M,NWANT,Y18-24,PC,LT,,,,,,,,,,,,,,,,,,,,,,2.3,1.3,1.6,1.5,1.6,1.7,1.8,2.3,2.0,2.4,3.9,6.3,4.2
288,A,M,NWANT,Y18-24,PC,LU,,,,,,,,,,,,,,,,,,,,,,,,,,,,,,,,,,
289,A,M,NWANT,Y18-24,PC,LV,,,,,,,,,,,,,,,,1.4,1.2,,,,,,1.7,,,,,,,,,,,
290,A,M,NWANT,Y18-24,PC,ME,,,,,,,,,,,,,,,,,,,,,,,,,,,,,,,,,,
291,A,M,NWANT,Y18-24,PC,MK,,,,,,,,,,,,,,,2.1,0.9,1.3,0.7,1.3,1.0,0.6,1.1,1.1,0.7,0.8,0.6,,1.0,0.7,0.8,0.7,1.4,1.3,1.2
292,A,M,NWANT,Y18-24,PC,MT,,,,,,,,,,,,,,,,,,1.9,,,,,,,,,,,,2.2,,,,
293,A,M,NWANT,Y18-24,PC,NL,,,,,,,,,,,,,,1.3,1.1,1.0,0.8,0.9,1.2,0.9,0.9,1.0,1.0,1.1,1.4,1.3,1.2,1.4,1.4,0.3,0.3,0.4,0.5,0.4
294,A,M,NWANT,Y18-24,PC,NO,,,,,,,,,,,,,,,1.3,1.1,1.1,1.0,0.8,1.1,1.1,1.4,1.5,1.0,1.5,,,,,,,,,
295,A,M,NWANT,Y18-24,PC,PL,,,,,,,,,,,,,,0.8,1.0,1.0,0.8,1.0,1.2,1.2,1.2,1.4,1.5,1.5,1.3,1.0,1.1,1.5,1.9,2.9,1.9,1.8,2.0,1.7
296,A,M,NWANT,Y18-24,PC,PT,,,,,,,,,,,,,,3.0,2.6,2.6,2.1,2.4,1.7,1.7,1.6,1.2,1.3,,1.3,,,,,,,1.0,,
297,A,M,NWANT,Y18-24,PC,RO,,,,,,,,,,,,,,1.9,1.9,1.5,1.1,1.3,2.3,2.2,1.6,1.5,1.9,2.4,2.1,1.9,2.6,2.0,2.5,3.9,4.0,3.8,3.8,4.1
298,A,M,NWANT,Y18-24,PC,RS,,,,,,,,,,,,,,,,,,,,,1.0,1.0,1.0,0.7,0.8,0.9,1.4,1.2,0.8,2.2,1.3,1.2,1.1,1.2
299,A,M,NWANT,Y18-24,PC,SE,,,,,,,,,,,,,,1.4,0.9,0.9,1.0,0.8,0.8,0.8,0.9,1.1,1.0,0.8,1.2,1.4,1.4,0.9,0.8,0.9,0.9,,,
300,A,M,NWANT,Y18-24,PC,SI,,,,,,,,,,,,,,1.3,1.1,0.7,0.8,1.2,0.9,1.2,1.3,0.8,1.2,1.0,1.8,1.1,1.2,1.5,0.9,1.3,1.9,1.4,1.9,3.7
301,A,M,NWANT,Y18-24,PC,SK,,,,,,,,,,,,,,0.8,0.8,1.0,1.4,1.3,,,0.8,0.9,0.9,1.1,1.6,1.7,1.6,2.1,2.5,,3.1,,,2.6
302,A,M,NWANT,Y18-24,PC,TR,,,,,,,,,,,,,,,5.2,4.8,5.0,4.5,4.2,4.2,4.7,3.9,3.4,3.6,3.5,3.4,3.3,3.5,3.6,2.2,2.0,2.4,2.1,1.9
303,A,M,NWANT,Y18-24,PC,UK,,,,,,,,,,,,,,0.8,0.8,1.2,1.1,1.5,1.2,1.3,1.3,1.4,1.3,1.4,2.0,2.3,2.2,2.3,,,,,,
304,A,M,POP,Y18-24,PC,AT,,,,9.9,9.2,9.0,,9.6,9.6,9.7,8.7,8.3,10.5,9.7,10.3,11.5,10.4,8.6,8.4,9.0,8.0,7.9,7.6,7.8,7.7,9.0,8.9,9.5,10.0,9.6,9.5,9.3,9.2,12.0
305,A,M,POP,Y18-24,PC,BA,,,,,,,,,,,,,,,,,,,,,,,,,,,,,,4.9,3.9,5.2,5.0,2.9
306,A,M,POP,Y18-24,PC,BE,19.8,18.5,18.0,16.6,14.7,14.2,16.7,17.7,16.4,16.2,17.1,16.9,15.4,15.3,15.1,13.9,13.4,12.8,13.8,14.9,14.4,13.2,11.8,11.6,10.2,10.4,10.6,10.5,10.2,8.9,8.0,7.9,9.2,9.6
307,A,M,POP,Y18-24,PC,BG,,,,,,,,,,21.0,22.0,22.5,22.2,20.6,17.7,15.2,14.1,13.7,12.4,11.2,12.1,12.3,12.8,13.3,13.7,12.0,12.6,14.6,13.5,11.3,9.1,9.4,8.1,7.8
308,A,M,POP,Y18-24,PC,CH,,,,,4.3,5.6,5.3,3.9,7.4,6.7,6.3,10.4,9.9,10.0,10.7,8.5,7.8,8.8,6.5,7.0,5.6,5.8,5.7,5.4,4.9,5.0,5.4,5.1,4.7,5.0,7.0,6.2,6.3,6.2
309,A,M,POP,Y18-24,PC,CY,,,,,,,,24.6,25.0,23.9,22.3,24.1,27.2,27.2,22.5,19.5,19.0,15.2,16.2,15.1,16.5,14.8,11.2,7.7,11.4,9.4,9.9,10.4,14.5,11.8,9.2,11.3,14.5,11.9
310,A,M,POP,Y18-24,PC,CZ,,,,,,,,,,,5.4,5.9,6.1,6.1,5.4,5.7,5.8,5.5,4.9,5.4,6.1,5.4,5.8,6.4,6.6,6.8,6.4,6.6,7.5,7.0,7.1,6.4,5.3,6.2
311,A,M,POP,Y18-24,PC,DE,,,,,12.5,12.3,,14.2,14.4,12.0,12.5,12.9,12.2,13.3,14.0,13.1,12.4,11.5,12.5,12.5,11.1,10.2,10.0,10.4,11.0,11.1,11.5,11.8,11.7,14.2,13.9,15.4,14.9,14.9
312,A,M,POP,Y18-24,PC,DK,18.1,9.0,9.3,5.2,12.2,11.0,9.5,14.2,12.8,10.8,9.9,10.7,10.5,10.5,10.5,16.2,15.0,14.3,14.5,12.5,11.2,10.0,9.7,9.9,8.6,11.2,12.7,12.1,11.7,11.6,12.1,11.8,11.1,11.3
313,A,M,POP,Y18-24,PC,EA21,,,,,,,,,,,21.4,20.9,20.6,20.0,19.8,19.1,18.6,18.0,17.6,16.6,15.7,14.5,13.4,13.1,12.7,12.7,12.7,12.4,12.5,11.8,11.4,11.8,11.6,11.2
314,A,M,POP,Y18-24,PC,EE,,,,,,,15.0,19.0,19.2,17.8,16.9,18.3,20.0,16.7,19.5,21.4,19.8,17.9,14.4,12.8,13.3,13.6,16.0,16.4,15.5,15.9,16.1,14.4,10.7,12.0,14.3,11.4,13.3,11.1
315,A,M,POP,Y18-24,PC,EL,28.8,28.6,26.6,26.6,24.2,23.7,25.5,22.1,22.9,20.8,20.1,19.4,17.7,17.1,19.6,18.2,18.0,17.9,16.4,15.9,13.7,12.7,11.5,9.4,7.1,7.1,5.7,4.9,4.4,3.4,3.8,3.8,3.7,3.6
316,A,M,POP,Y18-24,PC,ES,44.9,42.7,41.4,38.4,36.7,35.3,35.3,35.3,35.0,36.0,37.2,38.4,39.0,37.0,36.7,36.6,38.0,37.4,33.6,31.0,28.9,27.2,25.6,24.0,22.7,21.8,21.7,21.4,20.2,16.7,16.7,16.0,15.8,15.9
317,A,M,POP,Y18-24,PC,EU27_2020,,,,,,,,,,,19.1,18.6,18.4,17.7,17.4,16.9,16.4,16.0,15.8,15.1,14.5,13.6,12.7,12.5,12.1,12.1,12.1,11.8,11.9,11.5,11.1,11.3,11.0,10.6
318,A,M,POP,Y18-24,PC,FI,,,,,11.4,9.1,8.6,12.0,11.5,12.1,11.8,12.0,12.5,12.4,11.8,11.2,12.1,10.7,11.6,11.2,9.8,10.4,11.9,10.6,9.0,9.5,9.2,8.5,9.4,9.3,10.3,11.9,11.8,11.1
319,A,M,POP,Y18-24,PC,FR,,18.9,18.2,16.7,16.9,15.3,16.2,16.0,14.8,15.0,14.9,14.3,14.2,14.3,14.6,15.2,13.8,14.5,15.3,14.1,13.7,10.7,9.9,10.0,10.1,10.4,10.6,9.6,9.7,9.6,9.2,9.5,9.4,8.6
320,A,M,POP,Y18-24,PC,HR,,,,,,,,,,,9.2,9.2,6.2,6.0,5.3,5.4,4.2,4.4,4.8,4.9,5.8,5.4,3.2,3.4,3.4,3.7,3.3,3.0,2.3,2.9,2.9,2.7,2.6,2.6
321,A,M,POP,Y18-24,PC,HU,,,,,,18.1,16.4,13.3,14.4,13.6,12.5,12.7,13.6,13.7,13.7,12.5,12.4,12.2,11.5,12.3,12.3,12.5,12.5,12.0,12.9,12.0,12.6,12.7,12.8,12.3,12.8,12.7,10.7,9.5
322,A,M,POP,Y18-24,PC,IE,31.3,27.9,26.9,25.7,23.5,22.6,,,,,18.0,16.2,16.0,15.4,15.5,16.1,15.8,15.7,14.5,13.8,12.0,10.7,8.3,8.6,7.7,6.1,6.1,5.9,5.4,4.4,4.6,5.1,3.5,4.3
323,A,M,POP,Y18-24,PC,IS,,,,,,,,28.1,29.9,35.0,32.7,23.0,28.3,29.7,,27.2,26.2,25.1,26.0,22.2,23.6,24.4,24.4,24.9,23.6,22.5,27.6,24.5,17.8,19.6,21.7,22.1,20.0,
324,A,M,POP,Y18-24,PC,IT,40.0,39.7,37.5,35.5,34.5,33.1,32.3,30.3,28.5,29.6,27.8,26.5,27.0,25.8,23.8,22.6,22.4,21.8,21.8,20.6,20.2,20.0,17.7,17.5,16.1,16.6,16.3,15.2,16.9,14.8,13.6,13.1,12.2,10.1
325,A,M,POP,Y18-24,PC,LT,,,,,,,,,20.0,19.0,15.4,13.6,11.9,11.0,11.5,10.1,10.2,11.6,9.8,10.0,8.1,7.8,7.0,6.9,6.0,7.0,6.1,5.1,7.7,6.3,5.5,6.6,10.0,6.6
326,A,M,POP,Y18-24,PC,LU,43.2,32.1,33.3,32.9,32.8,30.9,,18.9,15.9,19.0,14.4,14.3,12.6,17.0,17.6,16.6,15.8,8.9,8.0,7.6,10.7,8.4,8.3,10.5,6.8,9.8,6.8,8.9,10.7,10.4,9.0,8.5,10.7,
327,A,M,POP,Y18-24,PC,LV,,,,,,,,,,,21.8,21.8,21.0,19.0,19.3,20.6,20.0,17.6,16.7,15.8,14.7,13.6,11.7,13.4,13.7,12.0,11.4,10.5,9.5,8.9,9.3,10.0,9.6,11.6
328,A,M,POP,Y18-24,PC,ME,,,,,,,,,,,,,,,,,,,,7.6,6.6,6.0,5.8,4.9,4.3,5.6,4.4,5.2,,,,,,
329,A,M,POP,Y18-24,PC,MK,,,,,,,,,,,,,,,19.9,17.9,17.6,14.1,13.7,11.9,11.1,9.1,11.0,10.0,8.9,8.3,5.6,5.9,5.7,5.4,5.5,8.6,8.9,10.4
330,A,M,POP,Y18-24,PC,MT,,,,,,,,,52.5,55.3,56.5,51.7,44.3,37.4,36.1,34.8,31.1,30.1,28.3,24.2,22.6,19.6,18.7,19.2,19.1,16.4,14.1,14.2,14.9,11.9,11.9,12.5,11.4,11.2
331,A,M,POP,Y18-24,PC,NL,,,,,18.1,16.8,17.0,17.5,16.6,16.3,16.8,15.6,16.4,16.9,15.5,14.5,13.8,13.6,12.4,11.1,10.5,11.2,10.6,9.9,10.1,9.4,9.3,9.5,8.7,6.5,6.8,7.2,8.8,9.4
332,A,M,POP,Y18-24,PC,NO,,,,,,,,,,,,,,,22.5,22.7,21.0,21.8,21.4,19.9,17.6,15.7,12.9,12.4,12.9,12.8,12.3,11.6,11.6,12.1,3.1,3.6,3.4,4.6
333,A,M,POP,Y18-24,PC,PL,,,,,,,,,,9.0,8.9,7.6,7.3,6.8,6.9,6.2,6.1,6.6,7.2,7.4,7.8,7.9,7.3,7.2,6.4,6.0,5.8,6.6,6.9,7.2,5.8,4.9,4.8,5.0
334,A,M,POP,Y18-24,PC,PT,56.2,52.9,49.4,47.1,45.6,46.8,52.0,50.8,50.9,51.6,52.7,48.7,47.6,46.2,46.1,42.8,41.4,35.8,32.4,28.0,26.7,23.1,20.5,16.0,17.2,15.2,14.4,13.5,12.9,8.6,8.4,10.0,7.8,7.6
335,A,M,POP,Y18-24,PC,RO,,,,,,19.4,19.8,23.0,23.8,22.1,23.9,23.6,23.7,20.1,17.8,17.1,15.9,16.1,19.5,19.1,18.5,18.7,19.5,19.5,18.4,18.0,16.7,14.9,14.7,15.1,16.2,16.5,15.4,13.8
336,A,M,POP,Y18-24,PC,RS,,,,,,,,,,,,,,,,,,,9.2,9.6,8.7,8.2,8.3,7.7,7.3,6.3,6.8,6.5,5.4,8.7,6.5,5.8,6.8,5.2
337,A,M,POP,Y18-24,PC,SE,,,,,9.0,7.3,,7.7,8.7,11.0,11.0,10.2,10.6,11.9,10.1,9.5,9.0,8.0,7.5,7.8,8.5,7.9,7.3,7.6,8.2,8.2,8.8,7.4,9.0,10.1,10.5,8.6,8.4,7.1
338,A,M,POP,Y18-24,PC,SI,,,,,,,,,,8.1,6.8,6.6,6.0,6.5,7.1,5.8,7.2,7.2,6.4,5.7,5.4,5.0,6.0,6.4,6.7,5.8,5.3,5.2,4.6,4.2,4.1,5.8,6.2,7.9
339,A,M,POP,Y18-24,PC,SK,,,,,,,,,,,7.6,5.7,7.3,6.7,7.3,7.2,7.1,5.7,4.6,5.4,6.0,6.7,6.9,6.9,7.6,8.5,8.3,8.8,7.7,8.1,7.5,6.8,7.8,7.2
340,A,M,POP,Y18-24,PC,TR,,,,,,,,,,,,,,,41.3,39.0,37.9,37.9,37.8,37.7,36.1,35.0,35.5,35.0,32.7,31.0,30.4,28.9,27.5,23.9,22.2,20.1,19.6,18.7
341,A,M,POP,Y18-24,PC,UK,32.8,34.1,31.0,,,,,20.2,18.8,18.6,18.1,12.6,12.9,12.6,12.3,17.6,18.2,16.9,15.6,16.1,14.5,13.6,12.9,11.7,12.8,12.2,12.2,12.3,,,,,,
342,A,M,WANT,Y18-24,PC,AT,,,,,,,,,,,,,,3.1,3.4,3.5,3.1,3.2,2.8,3.0,2.7,3.1,3.4,2.8,3.0,3.5,3.1,3.5,4.4,3.1,2.9,2.8,3.0,4.4
343,A,M,WANT,Y18-24,PC,BA,,,,,,,,,,,,,,,,,,,,,,,,,,,,,,1.4,0.7,1.3,1.4,
344,A,M,WANT,Y18-24,PC,BE,,,,,,,,,,,,,,4.5,4.1,3.8,3.8,4.2,5.4,4.7,5.3,6.0,4.9,5.0,3.9,3.7,3.1,3.5,3.4,2.7,2.4,2.2,3.0,3.3
345,A,M,WANT,Y18-24,PC,BG,,,,,,,,,,,,,,11.3,8.8,6.4,5.4,5.5,5.8,5.5,6.5,6.7,6.2,5.0,4.7,3.6,3.7,3.3,3.5,4.0,2.3,2.2,2.0,1.9
346,A,M,WANT,Y18-24,PC,CH,,,,,,,,,,,,,,2.2,2.7,1.9,1.5,2.4,1.7,1.7,1.8,1.7,2.1,1.9,1.9,2.0,2.2,1.9,1.6,2.3,2.9,2.5,2.4,2.2
347,A,M,WANT,Y18-24,PC,CY,,,,,,,,,,,,,,3.6,,1.9,1.9,,2.6,3.0,5.4,6.9,3.7,3.2,2.5,2.8,2.9,2.0,2.8,2.0,2.5,2.9,2.2,2.9
348,A,M,WANT,Y18-24,PC,CZ,,,,,,,,,,,,,,2.4,2.2,1.7,1.8,2.2,1.8,2.3,2.8,2.1,1.9,2.1,2.0,1.2,1.3,1.0,1.3,1.2,1.3,1.5,1.1,1.4
349,A,M,WANT,Y18-24,PC,DE,,,,,,,,,,,,,,6.1,5.9,5.4,4.8,4.9,4.4,4.1,4.0,3.6,3.8,3.8,3.8,3.7,3.5,3.3,3.7,4.4,3.9,4.4,4.4,4.6
350,A,M,WANT,Y18-24,PC,DK,,,,,,,,,,,,,,1.7,1.0,3.1,3.4,4.1,4.6,4.0,3.4,2.8,2.9,2.7,3.5,3.3,3.1,3.1,2.8,2.5,2.5,2.4,2.7,3.1
351,A,M,WANT,Y18-24,PC,EA21,,,,,,,,,,,,,,5.8,5.5,5.2,5.6,7.0,7.0,6.8,7.1,6.8,6.4,5.9,5.5,5.2,4.9,4.5,4.9,4.4,3.9,3.9,3.8,3.6
352,A,M,WANT,Y18-24,PC,EE,,,,,,,,,,,,,,3.9,3.5,4.8,3.6,8.5,7.0,4.7,4.6,3.9,4.1,3.3,3.1,3.1,4.0,2.5,2.9,2.9,4.0,,,
353,A,M,WANT,Y18-24,PC,EL,,,,,,,,,,,,,,2.4,2.8,2.3,2.6,3.2,4.3,5.7,6.3,7.0,5.2,3.7,2.6,2.5,2.3,2.1,1.3,1.3,0.8,0.8,0.5,0.8
354,A,M,WANT,Y18-24,PC,ES,,,,,,,,,,,,,,6.8,6.1,5.9,10.2,16.1,15.9,15.7,15.9,15.6,14.4,11.9,10.9,9.6,8.9,7.7,8.7,6.6,6.4,6.1,5.3,5.1
355,A,M,WANT,Y18-24,PC,EU27_2020,,,,,,,,,,,,,,5.3,5.0,4.6,4.9,6.0,6.1,6.1,6.3,6.1,5.7,5.3,5.0,4.6,4.3,4.0,4.3,4.0,3.5,3.5,3.5,3.3
356,A,M,WANT,Y18-24,PC,FI,,,,,,,,,,,,,,2.6,2.9,2.5,3.1,3.8,3.7,3.8,3.1,3.8,4.0,4.2,2.9,2.8,2.5,2.7,3.3,1.9,2.3,2.5,3.6,3.2
357,A,M,WANT,Y18-24,PC,FR,,,,,,,,,,,,,,5.3,5.9,5.7,5.4,6.7,6.4,6.2,6.4,4.8,5.0,5.2,5.0,5.0,4.9,4.4,4.1,4.2,3.7,3.8,3.8,3.4
358,A,M,WANT,Y18-24,PC,HR,,,,,,,,,,,,,,2.1,2.5,1.7,1.4,2.2,2.7,2.6,3.1,3.6,2.1,1.9,1.6,1.8,1.1,0.9,0.7,,,0.8,0.9,
359,A,M,WANT,Y18-24,PC,HU,,,,,,,,,,,,,,5.2,4.9,4.3,4.3,5.7,5.4,5.8,5.8,5.8,4.4,4.4,4.3,3.4,3.2,3.3,3.4,3.2,3.2,2.9,3.1,2.4
360,A,M,WANT,Y18-24,PC,IE,,,,,,,,,,,,,,3.1,3.1,4.1,5.7,8.0,8.3,8.3,7.2,5.3,3.9,4.1,2.6,2.0,2.4,2.3,,,,,,
361,A,M,WANT,Y18-24,PC,IS,,,,,,,,,,,,,,,,,3.2,6.7,5.0,4.8,5.1,5.0,4.7,3.2,,,,3.9,,3.4,,3.0,,
362,A,M,WANT,Y18-24,PC,IT,,,,,,,,,,,,,,8.1,7.0,7.1,7.1,8.0,8.9,8.8,9.7,10.0,9.7,9.4,8.8,8.4,7.9,7.3,8.3,6.8,5.4,4.9,4.2,3.4
363,A,M,WANT,Y18-24,PC,LT,,,,,,,,,,,,,,,,,,4.3,4.3,3.9,,2.6,1.9,2.1,2.3,2.0,1.1,,1.7,,,,2.9,1.9
364,A,M,WANT,Y18-24,PC,LU,,,,,,,,,,,,,,3.2,4.0,4.0,,2.7,3.3,,3.2,3.2,,3.3,3.2,4.8,,2.8,4.8,3.8,2.0,,,
365,A,M,WANT,Y18-24,PC,LV,,,,,,,,,,,,,,4.7,4.0,3.7,5.0,9.1,7.9,5.9,5.5,5.3,3.6,2.9,5.8,3.0,,,,,,,,
366,A,M,WANT,Y18-24,PC,ME,,,,,,,,,,,,,,,,,,,,,,,,,,,,,,,,,,
367,A,M,WANT,Y18-24,PC,MK,,,,,,,,,,,,,,,11.4,10.6,9.4,7.5,8.1,7.1,7.5,5.3,6.0,4.4,4.8,5.2,3.1,1.4,2.8,2.6,2.2,3.1,4.3,4.8
368,A,M,WANT,Y18-24,PC,MT,,,,,,,,,,,,,,7.2,5.0,5.7,3.7,5.8,4.8,4.1,4.5,4.6,4.0,3.7,2.3,2.7,3.3,2.8,3.0,,3.4,,,
369,A,M,WANT,Y18-24,PC,NL,,,,,,,,,,,,,,3.7,3.0,2.2,2.3,3.2,2.8,2.4,2.2,3.0,2.7,2.6,2.2,2.0,1.8,1.9,1.7,1.3,1.2,1.5,1.7,1.9
370,A,M,WANT,Y18-24,PC,NO,,,,,,,,,,,,,,,3.1,3.1,2.7,4.0,3.9,3.0,3.2,3.5,2.9,2.7,2.7,2.2,2.2,2.2,2.3,2.7,,,,
371,A,M,WANT,Y18-24,PC,PL,,,,,,,,,,,,,,3.5,3.3,2.2,1.8,2.0,2.7,2.9,3.0,3.0,2.5,2.5,2.0,1.7,1.5,0.9,1.2,1.1,1.0,,0.8,0.9
372,A,M,WANT,Y18-24,PC,PT,,,,,,,,,,,,,,6.1,6.4,5.9,5.7,7.0,7.1,8.5,10.0,9.4,7.7,5.4,6.0,4.5,3.8,3.6,4.2,2.8,2.6,2.7,2.6,1.9
373,A,M,WANT,Y18-24,PC,RO,,,,,,,,,,,,,,5.3,4.3,3.9,3.3,3.7,4.9,6.4,6.0,6.1,6.1,5.3,4.9,4.0,3.1,2.8,2.3,3.7,3.7,4.0,4.1,3.7
374,A,M,WANT,Y18-24,PC,RS,,,,,,,,,,,,,,,,,,,4.2,5.0,4.2,3.2,3.4,3.8,3.2,2.4,2.8,2.8,2.6,2.7,2.1,2.3,2.3,1.6
375,A,M,WANT,Y18-24,PC,SE,,,,,,,,,,,,,,4.1,3.4,2.4,2.5,2.7,2.6,2.5,2.9,2.5,2.2,2.2,2.1,1.7,1.9,1.7,2.7,2.8,2.6,2.5,2.7,2.2
376,A,M,WANT,Y18-24,PC,SI,,,,,,,,,,,,,,1.9,2.1,1.4,1.5,2.0,2.5,2.4,2.3,2.6,2.7,3.1,2.0,1.5,1.0,0.9,1.5,,,,1.4,
377,A,M,WANT,Y18-24,PC,SK,,,,,,,,,,,,,,4.4,4.7,4.2,3.6,2.8,2.6,2.8,3.5,3.4,3.4,3.8,3.2,3.7,3.7,4.0,3.2,4.0,,2.9,3.6,
378,A,M,WANT,Y18-24,PC,TR,,,,,,,,,,,,,,,8.0,7.7,7.7,9.7,8.4,6.5,6.6,6.4,6.8,6.5,6.1,5.5,5.5,6.4,7.3,5.6,4.4,3.8,3.9,3.7
379,A,M,WANT,Y18-24,PC,UK,,,,,,,,,,,,,,3.2,3.3,4.9,5.4,5.8,5.9,6.2,5.7,4.8,4.3,3.3,3.5,3.0,2.7,2.9,,,,,,
380,A,T,EMP,Y18-24,PC,AT,,,,,,,,,,,,,,5.2,5.7,6.5,6.0,4.6,4.7,4.5,4.0,3.4,3.3,3.5,3.2,3.7,4.1,4.0,3.8,4.2,4.7,4.8,4.3,4.7
381,A,T,EMP,Y18-24,PC,BA,,,,,,,,,,,,,,,,,,,,,,,,,,,,,,1.3,0.7,0.8,0.8,0.6
382,A,T,EMP,Y18-24,PC,BE,,,,,,,,,,,,,,6.4,6.3,5.9,5.9,5.1,5.3,5.7,5.3,4.1,3.9,3.7,3.7,3.9,4.0,3.4,3.3,3.1,2.9,2.6,2.9,2.7
383,A,T,EMP,Y18-24,PC,BG,,,,,,,,,,,,,,4.8,4.6,4.7,4.6,4.0,2.9,2.2,2.7,2.5,2.4,2.9,3.2,3.8,4.0,5.1,4.1,3.2,3.0,2.9,2.2,2.0
384,A,T,EMP,Y18-24,PC,CH,,,,,,,,,,,,,,6.2,6.6,5.3,5.6,5.9,4.1,4.2,3.3,3.4,3.1,2.9,2.7,2.3,2.3,2.4,2.2,2.1,2.7,2.6,2.8,2.8
385,A,T,EMP,Y18-24,PC,CY,,,,,,,,,,,,,,13.6,11.7,9.4,9.7,8.8,9.4,7.8,6.0,4.2,4.0,2.3,4.0,3.9,4.1,4.8,6.7,6.1,3.9,4.4,5.6,5.5
386,A,T,EMP,Y18-24,PC,CZ,,,,,,,,,,,,,,1.8,1.9,2.3,2.2,2.0,1.7,1.6,1.7,2.0,2.3,2.2,2.7,3.2,3.0,3.6,3.6,3.0,2.7,3.0,2.5,3.0
387,A,T,EMP,Y18-24,PC,DE,,,,,,,,,,,,,,5.3,6.1,5.4,5.3,4.7,5.6,5.7,4.8,4.6,4.2,4.5,4.7,4.8,5.3,5.4,5.0,6.1,6.9,7.1,7.1,6.9
388,A,T,EMP,Y18-24,PC,DK,,,,,,,,,,,,,,6.1,7.1,9.6,8.4,7.0,6.0,5.1,4.3,3.8,3.4,3.4,3.1,4.1,5.4,4.8,4.8,5.8,6.0,6.1,5.8,5.3
389,A,T,EMP,Y18-24,PC,EA21,,,,,,,,,,,,,,9.7,9.7,9.4,8.9,7.4,7.0,6.5,5.6,4.9,4.4,4.5,4.4,4.5,4.8,4.7,4.2,4.2,4.6,4.7,4.6,4.4
390,A,T,EMP,Y18-24,PC,EE,,,,,,,,,,,,,,8.1,9.1,8.8,9.7,5.8,3.9,5.5,5.2,5.3,7.0,7.8,7.2,7.6,7.3,6.5,4.1,5.0,5.8,5.2,6.0,4.8
391,A,T,EMP,Y18-24,PC,EL,,,,,,,,,,,,,,8.3,9.9,9.5,9.3,8.6,7.1,5.7,4.3,3.3,3.3,3.0,2.4,2.3,1.6,1.3,1.3,1.0,1.4,1.5,1.1,1.0
392,A,T,EMP,Y18-24,PC,ES,,,,,,,,,,,,,,21.6,21.8,21.9,20.0,15.3,12.8,11.3,9.3,8.0,7.5,7.8,7.6,8.2,8.4,8.6,6.4,5.9,6.5,6.6,6.6,6.9
393,A,T,EMP,Y18-24,PC,EU27_2020,,,,,,,,,,,,,,8.4,8.3,8.2,7.8,6.6,6.3,5.8,5.2,4.7,4.3,4.4,4.3,4.5,4.7,4.6,4.2,4.1,4.4,4.5,4.4,4.2
394,A,T,EMP,Y18-24,PC,FI,,,,,,,,,,,,,,6.1,5.4,5.2,5.5,4.5,4.9,4.7,4.2,3.7,3.9,3.5,3.1,3.4,3.6,3.0,3.4,3.9,3.6,4.3,3.7,3.7
395,A,T,EMP,Y18-24,PC,FR,,,,,,,,,,,,,,5.8,5.7,6.0,5.6,5.2,5.3,5.2,4.8,3.8,3.1,3.1,2.9,3.0,3.2,2.9,2.8,2.6,2.9,2.6,2.6,2.3
396,A,T,EMP,Y18-24,PC,HR,,,,,,,,,,,,,,2.3,1.8,2.1,1.9,1.5,1.4,1.2,1.3,0.6,0.5,0.6,0.8,0.8,0.9,0.7,0.4,0.7,0.8,0.7,0.5,0.5
397,A,T,EMP,Y18-24,PC,HU,,,,,,,,,,,,,,4.6,4.7,4.4,4.2,3.3,3.5,3.4,3.3,3.3,4.3,4.7,5.2,5.4,5.4,5.1,5.2,5.6,5.3,5.6,4.4,3.9
398,A,T,EMP,Y18-24,PC,IE,,,,,,,,,,,,,,7.2,7.6,7.6,6.2,4.9,4.3,3.3,2.8,3.1,2.1,2.2,2.4,1.5,1.5,1.5,1.5,,1.7,1.7,,1.4
399,A,T,EMP,Y18-24,PC,IS,,,,,,,,,,,,,,20.8,,19.6,20.7,14.9,16.5,14.2,15.2,16.0,14.6,14.9,16.8,14.9,17.5,14.3,10.5,10.5,13.8,13.1,12.8,
400,A,T,EMP,Y18-24,PC,IT,,,,,,,,,,,,,,11.8,10.7,10.2,10.0,8.8,8.1,7.3,6.4,5.7,4.7,4.7,4.4,4.4,4.8,4.7,4.7,4.3,4.5,4.6,4.6,3.8
401,A,T,EMP,Y18-24,PC,LT,,,,,,,,,,,,,,4.8,4.4,4.7,3.6,2.9,2.1,2.3,2.4,1.9,2.2,2.1,1.7,2.2,2.2,1.6,2.3,2.1,1.6,1.9,1.6,0.9
402,A,T,EMP,Y18-24,PC,LU,,,,,,,,,,,,,,9.5,9.0,8.6,8.8,4.4,3.5,3.7,4.5,3.0,3.8,5.6,2.6,3.9,3.4,3.8,4.3,5.0,4.5,,4.4,
403,A,T,EMP,Y18-24,PC,LV,,,,,,,,,,,,,,9.2,9.6,9.7,9.0,5.3,5.3,5.4,5.0,4.6,4.0,6.2,4.4,4.6,5.0,4.8,4.2,4.0,3.5,3.6,3.8,4.5
404,A,T,EMP,Y18-24,PC,ME,,,,,,,,,,,,,,,,,,,,2.3,2.0,,,,,2.1,,,,,,,,
405,A,T,EMP,Y18-24,PC,MK,,,,,,,,,,,,,,,4.7,4.6,4.6,3.9,3.2,2.6,1.9,2.5,3.1,3.2,2.3,1.7,1.5,2.3,1.4,1.4,1.8,2.5,2.5,3.5
406,A,T,EMP,Y18-24,PC,MT,,,,,,,,,,,,,,23.6,25.3,22.7,21.8,17.4,15.1,13.2,11.9,11.5,11.3,10.7,11.1,9.5,10.4,9.2,8.7,6.7,6.8,6.9,7.1,5.8
407,A,T,EMP,Y18-24,PC,NL,,,,,,,,,,,,,,9.5,8.8,8.5,8.2,7.4,6.5,6.1,5.7,5.5,5.1,5.0,4.8,4.4,4.5,4.6,4.2,3.6,4.0,4.2,4.9,5.2
408,A,T,EMP,Y18-24,PC,NO,,,,,,,,,,,,,,,13.8,14.4,13.4,13.3,13.3,12.3,10.9,9.0,7.4,6.8,7.2,7.3,6.6,6.4,6.7,6.4,1.4,1.9,1.6,1.9
409,A,T,EMP,Y18-24,PC,PL,,,,,,,,,,,,,,1.6,1.6,2.0,2.2,2.1,2.0,2.1,2.2,2.1,1.9,2.0,1.9,2.0,2.0,2.6,2.3,2.1,1.8,1.6,1.7,1.6
410,A,T,EMP,Y18-24,PC,PT,,,,,,,,,,,,,,29.2,29.8,27.3,26.5,21.7,19.1,13.8,11.2,9.7,9.1,7.3,7.5,7.4,7.6,6.7,5.3,3.6,3.7,4.8,3.5,3.4
411,A,T,EMP,Y18-24,PC,RO,,,,,,,,,,,,,,10.4,9.6,9.6,9.1,9.1,10.1,8.7,9.1,8.8,9.1,9.3,8.7,9.4,8.5,7.8,7.8,5.4,5.8,5.5,5.7,4.3
412,A,T,EMP,Y18-24,PC,RS,,,,,,,,,,,,,,,,,,,3.1,2.5,2.3,2.8,2.8,2.5,2.4,2.1,2.1,2.0,1.5,2.9,2.0,1.6,2.2,1.5
413,A,T,EMP,Y18-24,PC,SE,,,,,,,,,,,,,,5.9,4.6,4.9,4.3,3.3,3.2,3.5,3.8,3.5,3.5,3.9,4.1,4.3,4.3,3.5,4.0,5.1,5.7,4.6,4.0,3.8
414,A,T,EMP,Y18-24,PC,SI,,,,,,,,,,,,,,2.1,2.6,2.2,3.2,2.7,2.1,1.4,1.1,1.0,1.5,1.7,1.7,2.0,1.9,1.9,1.6,1.4,1.2,2.4,2.1,2.1
415,A,T,EMP,Y18-24,PC,SK,,,,,,,,,,,,,,1.1,1.2,1.4,1.3,1.0,1.0,1.3,1.2,1.8,1.8,1.6,2.0,2.7,2.5,1.9,1.5,,,,,1.6
416,A,T,EMP,Y18-24,PC,TR,,,,,,,,,,,,,,,19.3,18.2,17.8,16.7,17.7,18.7,17.3,17.0,17.8,17.2,16.0,15.5,14.7,12.9,11.1,10.5,10.3,9.3,9.2,8.7
417,A,T,EMP,Y18-24,PC,UK,,,,,,,,,,,,,,6.7,6.3,9.0,8.9,7.7,6.8,6.7,5.7,5.7,5.7,5.5,5.9,5.8,6.1,5.9,,,,,,
418,A,T,NEMP,Y18-24,PC,AT,,,,,,,,,,,,,,4.1,4.3,4.3,4.2,4.2,3.7,4.0,3.8,4.1,3.7,3.8,3.7,3.7,3.2,3.8,4.3,3.8,3.8,3.8,3.8,5.3
419,A,T,NEMP,Y18-24,PC,BA,,,,,,,,,,,,,,,,,,,,,,,,,,,,,,3.4,2.9,3.3,3.0,2.4
420,A,T,NEMP,Y18-24,PC,BE,,,,,,,,,,,,,,6.5,6.2,6.2,6.0,6.0,6.6,6.6,6.6,6.9,5.9,6.4,5.2,5.0,4.6,5.0,4.8,3.6,3.5,3.6,4.2,4.5
421,A,T,NEMP,Y18-24,PC,BG,,,,,,,,,,,,,,15.6,12.8,10.3,10.1,10.8,9.7,9.6,9.9,10.0,10.4,10.5,10.6,8.9,8.6,8.8,8.7,8.9,7.2,6.4,5.9,6.6
422,A,T,NEMP,Y18-24,PC,CH,,,,,,,,,,,,,,3.5,3.0,2.3,2.1,3.2,2.6,2.1,2.2,2.2,2.5,2.3,2.3,2.2,2.1,2.0,1.8,2.9,3.8,3.0,2.9,2.8
423,A,T,NEMP,Y18-24,PC,CY,,,,,,,,,,,,,,4.6,3.2,3.1,4.0,3.0,3.3,3.5,5.3,4.9,2.8,2.9,3.6,4.6,3.7,4.2,5.0,3.7,4.3,6.0,5.7,4.3
424,A,T,NEMP,Y18-24,PC,CZ,,,,,,,,,,,,,,4.4,3.2,2.9,3.4,3.4,3.2,3.3,3.8,3.5,3.2,4.0,3.9,3.5,3.2,3.2,3.9,3.4,3.5,3.4,2.8,3.1
425,A,T,NEMP,Y18-24,PC,DE,,,,,,,,,,,,,,8.2,7.6,7.1,6.5,6.4,6.2,5.9,5.8,5.2,5.3,5.6,5.6,5.3,5.1,4.9,5.1,6.1,5.6,5.9,5.7,6.3
426,A,T,NEMP,Y18-24,PC,DK,,,,,,,,,,,,,,2.6,2.0,3.4,4.3,4.5,5.5,5.2,5.3,4.4,4.6,4.7,4.4,4.7,5.0,5.0,4.4,4.0,3.9,4.4,4.5,4.7
427,A,T,NEMP,Y18-24,PC,EA21,,,,,,,,,,,,,,7.8,7.4,7.1,7.2,8.2,8.2,8.0,8.0,7.8,7.3,7.0,6.7,6.4,6.1,5.8,6.1,5.7,5.2,5.1,5.0,4.9
428,A,T,NEMP,Y18-24,PC,EE,,,,,,,,,,,,,,5.9,4.3,5.5,4.4,7.7,7.1,5.2,5.1,4.4,4.9,5.9,4.2,4.2,4.7,4.7,4.4,4.8,5.0,4.5,5.0,5.3
429,A,T,NEMP,Y18-24,PC,EL,,,,,,,,,,,,,,5.0,5.2,4.8,5.0,5.6,6.4,7.2,7.0,6.8,5.8,4.9,3.9,3.8,3.1,2.8,2.5,2.2,2.7,2.2,2.0,2.0
430,A,T,NEMP,Y18-24,PC,ES,,,,,,,,,,,,,,9.4,8.5,9.0,11.7,15.6,15.4,15.1,15.5,15.5,14.4,12.1,11.4,10.1,9.5,8.7,9.7,7.5,7.4,7.1,6.4,5.9
431,A,T,NEMP,Y18-24,PC,EU27_2020,,,,,,,,,,,,,,7.2,6.8,6.5,6.5,7.4,7.4,7.3,7.4,7.2,6.8,6.6,6.4,6.0,5.8,5.5,5.8,5.6,5.2,5.1,5.0,4.9
432,A,T,NEMP,Y18-24,PC,FI,,,,,,,,,,,,,,4.1,4.3,3.9,4.3,5.4,5.4,5.1,4.8,5.6,5.7,5.7,4.8,4.8,4.7,4.3,4.8,4.3,4.8,5.3,5.9,6.2
433,A,T,NEMP,Y18-24,PC,FR,,,,,,,,,,,,,,6.7,6.9,6.8,6.2,7.2,7.5,7.1,7.0,5.9,5.7,6.2,5.9,5.7,5.5,5.4,5.2,5.2,4.7,5.0,5.2,4.7
434,A,T,NEMP,Y18-24,PC,HR,,,,,,,,,,,,,,2.8,2.9,1.9,2.0,2.8,2.5,3.1,3.7,3.8,2.3,2.1,2.1,2.2,2.3,2.4,1.9,1.6,1.4,1.3,1.6,1.6
435,A,T,NEMP,Y18-24,PC,HU,,,,,,,,,,,,,,7.9,7.8,7.0,7.5,8.2,7.4,8.0,8.5,8.6,7.2,6.9,7.2,7.1,7.1,6.8,6.8,6.4,6.9,6.0,5.9,5.4
436,A,T,NEMP,Y18-24,PC,IE,,,,,,,,,,,,,,5.3,4.7,4.4,5.5,6.9,7.6,7.8,7.1,5.6,4.6,4.6,3.6,3.5,3.5,3.7,3.5,2.0,2.0,2.4,1.7,2.2
437,A,T,NEMP,Y18-24,PC,IS,,,,,,,,,,,,,,4.2,,3.5,3.7,6.4,6.1,5.5,5.0,4.5,4.4,3.9,2.9,3.0,4.0,3.7,4.3,3.9,2.6,2.7,2.5,
438,A,T,NEMP,Y18-24,PC,IT,,,,,,,,,,,,,,10.3,9.7,9.3,9.6,10.2,10.5,10.6,10.9,11.1,10.3,10.0,9.4,9.6,9.5,8.6,9.5,8.5,7.0,5.8,5.2,4.4
439,A,T,NEMP,Y18-24,PC,LT,,,,,,,,,,,,,,3.6,4.4,3.1,3.9,5.8,5.9,5.0,4.1,4.4,3.6,3.4,3.1,3.3,2.4,2.4,3.3,3.2,3.2,4.5,6.8,5.1
440,A,T,NEMP,Y18-24,PC,LU,,,,,,,,,,,,,,3.9,5.0,3.9,4.6,3.3,3.5,2.5,3.7,3.1,2.3,3.7,2.8,3.4,2.9,3.4,3.9,4.3,3.7,,,
441,A,T,NEMP,Y18-24,PC,LV,,,,,,,,,,,,,,6.3,5.9,6.0,6.5,9.0,7.5,6.2,5.6,5.2,4.4,3.8,5.6,4.0,3.3,3.9,3.0,3.3,3.2,4.1,4.1,4.2
442,A,T,NEMP,Y18-24,PC,ME,,,,,,,,,,,,,,,,,,,,4.9,4.7,4.6,3.8,4.2,4.1,3.3,2.8,3.4,2.8,,,,,
443,A,T,NEMP,Y18-24,PC,MK,,,,,,,,,,,,,,,18.1,15.3,15.0,12.4,12.3,10.9,9.7,8.9,9.3,8.2,7.6,6.8,5.5,4.8,4.3,4.7,4.4,5.9,5.5,6.0
444,A,T,NEMP,Y18-24,PC,MT,,,,,,,,,,,,,,9.4,6.9,7.4,5.5,8.3,6.3,5.6,6.2,5.6,5.7,5.5,4.6,4.6,3.6,5.1,4.3,4.1,3.4,3.4,2.4,2.8
445,A,T,NEMP,Y18-24,PC,NL,,,,,,,,,,,,,,4.8,4.1,3.4,3.2,3.9,3.6,3.1,3.2,3.8,3.7,3.2,3.2,2.7,2.8,2.9,2.8,1.5,1.6,2.0,2.1,2.2
446,A,T,NEMP,Y18-24,PC,NO,,,,,,,,,,,,,,,4.0,3.9,3.5,4.3,4.1,4.3,3.9,4.8,4.3,3.4,3.7,3.1,3.3,3.5,3.2,3.5,1.8,1.5,1.9,1.9
447,A,T,NEMP,Y18-24,PC,PL,,,,,,,,,,,,,,3.7,3.8,3.0,2.8,3.1,3.4,3.5,3.5,3.6,3.4,3.3,3.2,2.9,2.8,2.6,3.0,3.7,2.9,2.0,2.4,2.4
448,A,T,NEMP,Y18-24,PC,PT,,,,,,,,,,,,,,9.1,8.7,9.2,8.5,9.2,9.2,9.0,9.3,9.0,8.2,6.2,6.5,5.1,4.1,3.8,3.8,2.8,2.6,3.2,3.1,2.7
449,A,T,NEMP,Y18-24,PC,RO,,,,,,,,,,,,,,9.2,8.2,7.6,6.8,7.5,9.2,9.5,8.6,8.5,9.0,9.7,9.8,8.7,8.0,7.6,7.9,9.9,9.8,11.1,11.1,11.2
450,A,T,NEMP,Y18-24,PC,RS,,,,,,,,,,,,,,,,,,,5.2,6.0,5.8,6.1,5.6,5.0,4.5,4.1,4.8,4.6,4.0,4.8,3.7,4.2,4.0,3.6
451,A,T,NEMP,Y18-24,PC,SE,,,,,,,,,,,,,,4.9,4.0,3.2,3.6,3.7,3.3,3.2,3.7,3.5,3.2,3.1,3.3,3.4,3.2,3.0,3.7,3.3,3.1,2.8,3.2,2.9
452,A,T,NEMP,Y18-24,PC,SI,,,,,,,,,,,,,,2.8,3.0,1.9,1.9,2.6,2.9,2.8,3.3,2.9,2.9,3.3,3.2,2.3,2.4,2.7,2.5,1.7,2.9,3.0,2.9,3.3
453,A,T,NEMP,Y18-24,PC,SK,,,,,,,,,,,,,,5.2,5.4,5.1,4.7,3.9,3.7,3.8,4.1,4.6,4.9,5.3,5.4,6.7,6.1,6.5,6.1,6.8,6.3,5.2,6.2,5.2
454,A,T,NEMP,Y18-24,PC,TR,,,,,,,,,,,,,,,29.4,28.7,27.8,27.6,25.3,23.1,22.3,20.5,20.5,19.2,18.3,17.0,16.3,15.8,15.6,12.5,11.0,10.2,9.5,9.1
455,A,T,NEMP,Y18-24,PC,UK,,,,,,,,,,,,,,4.9,4.9,7.6,8.0,8.0,8.0,8.2,7.7,6.7,6.1,5.3,5.3,4.9,4.6,5.0,,,,,,
456,A,T,NWANT,Y18-24,PC,AT,,,,,,,,,,,,,,1.1,1.3,1.3,1.2,1.1,1.0,1.3,1.1,1.2,0.9,1.3,1.0,1.0,0.9,1.0,0.9,1.1,1.2,1.1,1.2,1.3
457,A,T,NWANT,Y18-24,PC,BA,,,,,,,,,,,,,,,,,,,,,,,,,,,,,,2.0,1.9,2.3,2.2,2.0
458,A,T,NWANT,Y18-24,PC,BE,,,,,,,,,,,,,,2.5,2.5,2.6,2.6,2.3,2.3,2.3,2.3,2.2,2.0,2.1,2.0,2.0,2.1,2.3,2.2,1.6,1.6,1.8,2.0,2.2
459,A,T,NWANT,Y18-24,PC,BG,,,,,,,,,,,,,,6.0,5.1,4.8,5.4,5.9,4.7,4.8,4.6,4.6,5.3,6.1,6.6,5.9,5.7,6.1,6.0,5.5,4.6,4.4,4.4,5.2
460,A,T,NWANT,Y18-24,PC,CH,,,,,,,,,,,,,,0.6,0.6,0.4,0.4,0.4,0.6,0.6,0.6,0.5,0.5,0.4,0.4,0.5,0.5,0.4,0.4,0.6,1.0,0.8,0.6,0.7
461,A,T,NWANT,Y18-24,PC,CY,,,,,,,,,,,,,,1.9,1.9,1.5,2.7,1.9,1.5,1.7,1.9,1.1,0.8,0.8,2.0,2.4,1.9,2.9,3.2,2.1,2.3,3.4,3.3,2.2
462,A,T,NWANT,Y18-24,PC,CZ,,,,,,,,,,,,,,2.4,1.4,1.6,1.9,1.5,1.6,1.6,1.7,1.6,1.8,2.3,2.3,2.3,2.1,2.3,2.7,2.4,2.4,2.0,1.6,1.6
463,A,T,NWANT,Y18-24,PC,DE,,,,,,,,,,,,,,2.4,2.1,2.0,1.8,2.0,2.2,2.1,2.0,1.8,1.8,2.1,2.1,2.0,2.0,2.0,1.8,2.3,2.0,2.2,2.1,2.3
464,A,T,NWANT,Y18-24,PC,DK,,,,,,,,,,,,,,1.1,0.9,0.7,1.1,1.2,1.9,1.6,2.3,2.0,2.1,2.2,1.2,2.0,2.3,2.1,2.1,1.9,1.9,2.1,1.8,1.8
465,A,T,NWANT,Y18-24,PC,EA21,,,,,,,,,,,,,,2.4,2.3,2.2,2.2,2.2,2.2,2.1,2.0,2.0,1.9,2.0,2.0,2.0,2.0,2.0,2.0,2.0,1.9,1.9,1.9,1.8
466,A,T,NWANT,Y18-24,PC,EE,,,,,,,,,,,,,,2.6,1.8,2.1,1.8,1.7,2.1,1.2,1.5,1.8,2.0,2.9,1.7,2.0,2.0,2.1,1.7,2.5,2.1,2.0,2.1,2.6
467,A,T,NWANT,Y18-24,PC,EL,,,,,,,,,,,,,,2.9,2.3,2.4,2.4,2.4,2.8,2.4,2.1,1.7,1.5,1.5,1.4,1.4,0.9,0.9,1.2,1.0,1.3,1.3,1.3,1.1
468,A,T,NWANT,Y18-24,PC,ES,,,,,,,,,,,,,,2.6,2.6,2.9,2.8,2.6,2.3,2.2,2.1,2.1,2.2,2.2,2.3,2.2,2.3,2.2,2.6,2.0,1.9,2.0,1.9,1.7
469,A,T,NWANT,Y18-24,PC,EU27_2020,,,,,,,,,,,,,,2.3,2.2,2.1,2.1,2.2,2.2,2.1,2.1,2.0,2.0,2.1,2.2,2.2,2.1,2.1,2.2,2.3,2.1,2.1,2.1,2.1
470,A,T,NWANT,Y18-24,PC,FI,,,,,,,,,,,,,,1.9,2.0,1.8,2.0,2.2,2.4,2.1,2.2,2.5,2.7,2.4,2.4,2.3,2.4,2.3,2.3,2.8,3.0,3.3,3.4,3.6
471,A,T,NWANT,Y18-24,PC,FR,,,,,,,,,,,,,,2.1,1.8,2.0,1.8,2.0,2.1,1.9,1.9,1.7,1.7,1.9,1.9,1.9,1.8,1.9,1.9,1.9,1.9,2.1,2.2,1.9
472,A,T,NWANT,Y18-24,PC,HR,,,,,,,,,,,,,,1.2,1.0,0.7,0.8,1.1,0.8,0.8,1.1,1.0,0.5,0.7,0.8,0.6,1.3,1.6,1.3,1.1,0.7,0.7,0.9,1.1
473,A,T,NWANT,Y18-24,PC,HU,,,,,,,,,,,,,,3.8,3.7,3.5,4.1,3.7,3.3,3.4,3.6,3.5,3.2,2.9,3.3,3.7,3.8,3.3,3.5,3.3,4.2,3.4,3.2,3.3
474,A,T,NWANT,Y18-24,PC,IE,,,,,,,,,,,,,,2.7,2.2,1.5,1.8,1.8,2.1,2.3,2.0,1.8,1.8,1.6,1.8,2.0,1.6,1.9,1.9,,,1.3,,1.4
475,A,T,NWANT,Y18-24,PC,IS,,,,,,,,,,,,,,,,,,,1.8,,,,,,,,,,,,,,,
476,A,T,NWANT,Y18-24,PC,IT,,,,,,,,,,,,,,2.5,2.8,2.3,2.6,2.7,2.6,2.6,2.5,2.6,2.0,2.0,2.0,2.5,2.5,2.2,2.5,2.5,2.2,1.6,1.6,1.3
477,A,T,NWANT,Y18-24,PC,LT,,,,,,,,,,,,,,2.3,3.4,2.0,2.0,2.7,2.4,2.3,2.1,2.1,1.8,1.9,1.7,1.9,1.7,1.7,1.9,2.1,2.5,3.8,5.0,3.5
478,A,T,NWANT,Y18-24,PC,LU,,,,,,,,,,,,,,1.6,1.8,,,,,,,,,,,,,,,1.3,1.4,,,
479,A,T,NWANT,Y18-24,PC,LV,,,,,,,,,,,,,,1.7,1.6,2.3,2.4,1.6,1.3,1.7,1.1,1.2,1.6,1.4,2.1,1.6,1.6,2.7,1.9,2.0,,2.3,2.8,2.4
480,A,T,NWANT,Y18-24,PC,ME,,,,,,,,,,,,,,,,,,,,,,,,,,,,,,,,,,
481,A,T,NWANT,Y18-24,PC,MK,,,,,,,,,,,,,,,7.2,5.8,6.4,5.4,6.3,4.9,4.1,4.6,3.7,4.5,3.9,3.3,2.9,3.1,2.2,2.3,1.9,3.1,2.2,2.6
482,A,T,NWANT,Y18-24,PC,MT,,,,,,,,,,,,,,4.0,2.2,2.8,2.4,3.4,2.4,2.2,2.1,1.7,1.7,1.8,1.7,1.6,1.1,2.1,1.6,3.0,1.5,,1.7,1.4
483,A,T,NWANT,Y18-24,PC,NL,,,,,,,,,,,,,,1.6,1.5,1.3,1.3,1.4,1.4,1.1,1.3,1.2,1.3,1.2,1.3,1.2,1.4,1.5,1.5,0.3,0.4,0.5,0.5,0.5
484,A,T,NWANT,Y18-24,PC,NO,,,,,,,,,,,,,,,1.3,1.5,1.3,1.2,1.1,1.5,1.2,1.6,1.9,1.3,1.6,1.4,1.4,1.4,1.2,1.4,,,,
485,A,T,NWANT,Y18-24,PC,PL,,,,,,,,,,,,,,1.0,1.2,1.2,1.2,1.3,1.3,1.3,1.3,1.4,1.5,1.5,1.6,1.5,1.5,1.7,2.0,2.9,2.2,1.6,1.7,1.6
486,A,T,NWANT,Y18-24,PC,PT,,,,,,,,,,,,,,3.3,2.9,3.1,2.8,3.0,2.9,1.9,1.5,1.4,1.3,1.1,1.4,1.1,0.8,0.9,0.8,0.6,0.5,0.9,0.8,0.7
487,A,T,NWANT,Y18-24,PC,RO,,,,,,,,,,,,,,4.1,3.8,3.3,3.2,3.2,4.2,4.0,3.9,3.8,4.3,5.3,5.5,5.0,5.3,5.3,5.8,7.1,6.9,7.7,7.8,7.9
488,A,T,NWANT,Y18-24,PC,RS,,,,,,,,,,,,,,,,,,,1.3,1.6,1.8,1.7,1.7,1.5,1.6,1.6,2.0,1.9,1.9,2.7,2.0,2.3,2.0,2.2
489,A,T,NWANT,Y18-24,PC,SE,,,,,,,,,,,,,,1.4,1.1,1.1,1.3,1.3,1.1,1.1,1.4,1.4,1.2,1.1,1.4,1.7,1.7,1.4,1.2,1.1,0.9,0.8,0.8,0.7
490,A,T,NWANT,Y18-24,PC,SI,,,,,,,,,,,,,,1.1,1.2,0.8,0.8,1.1,1.1,0.9,1.4,0.8,0.9,1.2,1.4,1.3,1.2,1.6,1.0,1.1,2.2,1.9,1.9,2.8
491,A,T,NWANT,Y18-24,PC,SK,,,,,,,,,,,,,,1.7,1.8,1.9,1.9,1.8,1.5,1.3,1.6,2.1,2.0,2.1,2.8,3.6,3.1,3.3,3.7,3.7,3.5,2.6,3.1,3.4
492,A,T,NWANT,Y18-24,PC,TR,,,,,,,,,,,,,,,23.4,22.9,22.0,20.5,19.2,18.2,17.4,15.5,15.1,13.9,13.3,12.6,11.9,10.9,10.0,8.0,7.3,6.9,5.9,5.1
493,A,T,NWANT,Y18-24,PC,UK,,,,,,,,,,,,,,2.0,2.0,3.2,3.0,3.1,2.9,2.8,2.8,2.3,2.2,2.1,2.3,2.4,2.3,2.5,,,,,,
494,A,T,POP,Y18-24,PC,AT,,,,13.6,12.1,10.8,,10.7,10.2,10.2,9.5,9.0,9.8,9.3,10.0,10.8,10.2,8.8,8.3,8.5,7.8,7.5,7.0,7.3,6.9,7.4,7.3,7.8,8.1,8.0,8.4,8.6,8.1,10.0
495,A,T,POP,Y18-24,PC,BA,,,,,,,,,,,,,,,,,,,,,,,,,,,,,,4.7,3.6,4.2,3.8,3.0
496,A,T,POP,Y18-24,PC,BE,18.1,17.4,16.1,15.1,12.9,12.7,14.5,15.2,13.8,13.8,14.1,14.3,13.1,12.9,12.6,12.1,12.0,11.1,11.9,12.3,12.0,11.0,9.8,10.1,8.8,8.9,8.6,8.4,8.1,6.7,6.4,6.2,7.0,7.3
497,A,T,POP,Y18-24,PC,BG,,,,,,,,,,20.5,20.7,21.9,21.4,20.4,17.3,14.9,14.8,14.7,12.6,11.8,12.5,12.5,12.9,13.4,13.8,12.7,12.7,13.9,12.8,12.0,10.3,9.3,8.2,8.6
498,A,T,POP,Y18-24,PC,CH,,,,,6.1,6.5,4.9,5.0,7.3,6.6,6.7,9.7,9.5,9.7,9.6,7.6,7.7,9.1,6.7,6.3,5.5,5.6,5.6,5.2,4.9,4.5,4.4,4.4,4.0,5.1,6.5,5.7,5.7,5.5
499,A,T,POP,Y18-24,PC,CY,,,,,,,,17.5,18.5,17.9,15.9,17.3,20.6,18.2,14.9,12.5,13.7,11.7,12.7,11.3,11.4,9.1,6.8,5.2,7.6,8.5,7.8,9.0,11.6,9.8,8.2,10.4,11.3,9.8
500,A,T,POP,Y18-24,PC,CZ,,,,,,,,,,,5.7,6.5,6.3,6.2,5.1,5.2,5.6,5.4,4.9,4.9,5.5,5.4,5.5,6.2,6.6,6.7,6.2,6.7,7.6,6.4,6.2,6.4,5.4,6.1
501,A,T,POP,Y18-24,PC,DE,,,,,13.3,12.9,,14.9,14.6,12.3,12.5,12.8,12.1,13.5,13.7,12.5,11.8,11.1,11.8,11.6,10.5,9.8,9.5,10.1,10.3,10.1,10.3,10.3,10.1,12.3,12.5,13.0,12.9,13.1
502,A,T,POP,Y18-24,PC,DK,15.2,8.5,8.6,6.1,12.1,10.7,9.8,11.5,11.7,9.2,9.0,10.4,8.8,8.7,9.1,12.9,12.7,11.5,11.5,10.3,9.6,8.2,8.1,8.1,7.5,8.8,10.4,9.9,9.3,9.8,10.0,10.4,10.4,10.0
503,A,T,POP,Y18-24,PC,EA21,,,,,,,,,,,18.7,18.3,17.8,17.5,17.1,16.5,16.1,15.6,15.2,14.4,13.6,12.7,11.7,11.5,11.0,10.9,10.9,10.5,10.3,9.9,9.8,9.8,9.6,9.3
504,A,T,POP,Y18-24,PC,EE,,,,,,,12.6,14.0,15.1,14.7,13.6,13.7,13.9,14.0,13.4,14.4,14.0,13.5,11.0,10.6,10.3,9.7,12.0,13.7,11.4,11.8,12.0,11.2,8.5,9.8,10.8,9.7,11.0,10.2
505,A,T,POP,Y18-24,PC,EL,25.2,25.0,23.2,22.4,20.7,19.9,20.7,18.6,18.2,16.9,16.2,15.6,14.5,13.3,15.1,14.3,14.4,14.2,13.5,12.9,11.3,10.1,9.0,7.9,6.2,6.0,4.7,4.1,3.8,3.2,4.1,3.7,3.0,3.0
506,A,T,POP,Y18-24,PC,ES,40.4,37.7,36.4,33.8,31.4,30.0,29.6,29.5,29.1,29.7,30.9,31.7,32.2,31.0,30.3,30.8,31.7,30.9,28.2,26.3,24.7,23.6,21.9,20.0,19.0,18.3,17.9,17.3,16.0,13.3,13.9,13.7,13.0,12.8
507,A,T,POP,Y18-24,PC,EU27_2020,,,,,,,,,,,16.9,16.4,16.0,15.6,15.2,14.7,14.3,14.0,13.8,13.2,12.6,11.8,11.1,11.0,10.6,10.5,10.5,10.1,10.0,9.7,9.6,9.6,9.4,9.1
508,A,T,POP,Y18-24,PC,FI,,,,,11.1,8.1,7.9,9.9,9.0,9.5,9.7,10.1,10.0,10.3,9.7,9.1,9.8,9.9,10.3,9.8,8.9,9.3,9.5,9.2,7.9,8.2,8.3,7.3,8.2,8.2,8.4,9.6,9.6,9.9
509,A,T,POP,Y18-24,PC,FR,,17.2,16.4,15.4,15.2,14.1,14.9,14.7,13.3,13.5,13.4,12.7,12.3,12.5,12.7,12.8,11.8,12.4,12.7,12.3,11.8,9.7,8.8,9.2,8.8,8.8,8.7,8.2,8.0,7.8,7.6,7.6,7.7,7.0
510,A,T,POP,Y18-24,PC,HR,,,,,,,,,,,8.0,7.9,5.4,5.1,4.7,4.0,3.8,4.3,3.9,4.3,5.0,4.3,2.8,2.7,2.8,2.9,3.1,3.0,2.2,2.4,2.1,2.0,2.0,2.1
511,A,T,POP,Y18-24,PC,HU,,,,,,17.8,15.9,13.0,13.9,13.1,12.2,12.0,12.6,12.5,12.5,11.4,11.7,11.5,10.8,11.4,11.8,11.9,11.4,11.6,12.4,12.5,12.4,11.9,12.0,12.0,12.2,11.6,10.3,9.3
512,A,T,POP,Y18-24,PC,IE,27.1,24.0,22.9,21.4,18.9,18.9,,,,,14.6,13.1,13.1,12.5,12.3,12.0,11.7,11.8,11.9,11.1,9.9,8.7,6.7,6.8,6.0,5.0,5.0,5.1,5.0,3.3,3.7,4.0,2.8,3.6
513,A,T,POP,Y18-24,PC,IS,,,,,,,,30.3,29.8,30.9,28.8,20.3,24.9,24.9,,23.2,24.4,21.3,22.6,19.7,20.1,20.5,19.1,18.8,19.8,17.8,21.5,17.9,14.8,14.4,16.5,15.8,15.3,
514,A,T,POP,Y18-24,PC,IT,37.5,37.1,35.1,32.8,31.7,30.1,28.4,27.2,25.1,25.9,24.2,23.0,23.1,22.1,20.4,19.5,19.6,19.1,18.6,17.8,17.3,16.8,15.0,14.7,13.8,14.0,14.3,13.3,14.2,12.7,11.5,10.5,9.8,8.2
515,A,T,POP,Y18-24,PC,LT,,,,,,,,,16.5,14.9,13.4,11.4,10.3,8.4,8.8,7.8,7.5,8.7,7.9,7.4,6.5,6.3,5.9,5.5,4.8,5.4,4.6,4.0,5.6,5.3,4.8,6.4,8.4,5.9
516,A,T,POP,Y18-24,PC,LU,42.2,36.8,34.4,33.4,35.3,30.7,,19.1,16.8,18.1,17.0,12.3,12.7,13.3,14.0,12.5,13.4,7.7,7.1,6.2,8.1,6.1,6.1,9.3,5.5,7.3,6.3,7.2,8.2,9.3,8.2,6.8,7.8,
517,A,T,POP,Y18-24,PC,LV,,,,,,,,,,,16.5,18.8,15.9,15.4,15.6,15.6,15.5,14.3,12.9,11.6,10.6,9.8,8.5,9.9,10.0,8.6,8.3,8.7,7.2,7.3,6.7,7.7,7.9,8.8
518,A,T,POP,Y18-24,PC,ME,,,,,,,,,,,,,,,,,,,,7.2,6.7,5.6,5.1,5.7,5.5,5.4,4.6,5.0,3.6,,,,,
519,A,T,POP,Y18-24,PC,MK,,,,,,,,,,,,,,,22.8,19.9,19.6,16.2,15.5,13.5,11.7,11.4,12.5,11.4,9.9,8.5,7.1,7.1,5.7,6.1,6.2,8.4,8.0,9.5
520,A,T,POP,Y18-24,PC,MT,,,,,,,,,54.2,54.4,53.2,49.9,42.1,33.0,32.2,30.2,27.2,25.7,21.4,18.8,18.1,17.1,17.0,16.3,15.6,14.0,14.0,14.2,13.0,10.9,10.3,10.2,9.5,8.6
521,A,T,POP,Y18-24,PC,NL,,,,,17.6,16.0,15.5,16.2,15.4,15.1,15.3,14.3,14.1,14.3,12.9,11.9,11.4,11.3,10.1,9.2,8.9,9.3,8.7,8.2,8.0,7.1,7.3,7.5,7.0,5.1,5.6,6.2,7.0,7.4
522,A,T,POP,Y18-24,PC,NO,,,,,,,,,,,,,,,17.8,18.4,17.0,17.6,17.4,16.6,14.8,13.7,11.7,10.2,10.9,10.4,9.9,9.9,9.9,9.8,3.1,3.4,3.5,3.8
523,A,T,POP,Y18-24,PC,PL,,,,,,,,,,7.4,7.2,6.0,5.6,5.3,5.4,5.0,5.0,5.3,5.4,5.6,5.7,5.6,5.4,5.3,5.2,5.0,4.8,5.1,5.3,5.8,4.7,3.7,4.1,4.0
524,A,T,POP,Y18-24,PC,PT,50.0,46.7,44.3,41.4,40.1,40.6,46.6,44.9,43.7,44.3,45.0,41.2,39.3,38.3,38.5,36.5,34.9,30.9,28.3,22.8,20.5,18.7,17.3,13.5,13.9,12.6,11.6,10.5,9.1,6.4,6.3,8.1,6.6,6.1
525,A,T,POP,Y18-24,PC,RO,,,,,,19.7,19.1,21.5,22.9,21.7,23.0,22.5,22.4,19.6,17.9,17.3,15.9,16.6,19.3,18.1,17.8,17.3,18.1,19.1,18.5,18.1,16.4,15.3,15.6,15.3,15.6,16.6,16.8,15.5
526,A,T,POP,Y18-24,PC,RS,,,,,,,,,,,,,,,,,,,8.3,8.5,8.1,8.9,8.4,7.5,7.0,6.2,6.8,6.6,5.6,7.7,5.7,5.8,6.2,5.1
527,A,T,POP,Y18-24,PC,SE,,,,,7.5,6.8,,6.9,7.3,10.2,10.0,9.2,9.2,10.8,8.6,8.0,7.9,7.0,6.5,6.6,7.5,7.1,6.7,7.0,7.4,7.7,7.5,6.5,7.7,8.4,8.8,7.4,7.2,6.7
528,A,T,POP,Y18-24,PC,SI,,,,,,,,,,6.4,5.1,4.6,4.3,4.9,5.6,4.1,5.1,5.3,5.0,4.2,4.4,3.9,4.4,5.0,4.9,4.3,4.2,4.6,4.1,3.1,4.0,5.4,5.0,5.5
529,A,T,POP,Y18-24,PC,SK,,,,,,,,,,,6.7,5.3,6.8,6.3,6.6,6.5,6.0,4.9,4.7,5.1,5.3,6.4,6.7,6.9,7.4,9.3,8.6,8.3,7.6,7.8,7.4,6.4,7.5,6.8
530,A,T,POP,Y18-24,PC,TR,,,,,,,,,,,,,,,48.8,46.9,45.5,44.3,43.1,41.9,39.6,37.5,38.3,36.4,34.3,32.5,31.0,28.7,26.7,23.1,21.2,19.5,18.7,17.9
531,A,T,POP,Y18-24,PC,UK,34.7,36.3,32.3,,,,,19.8,18.2,17.8,17.6,12.1,12.1,11.5,11.2,16.6,16.9,15.7,14.8,14.9,13.4,12.4,11.8,10.8,11.2,10.6,10.7,10.9,,,,,,
532,A,T,WANT,Y18-24,PC,AT,,,,,,,,,,,,,,3.1,3.0,3.1,2.9,3.1,2.7,2.8,2.6,2.9,2.8,2.5,2.6,2.7,2.3,2.8,3.4,2.7,2.5,2.7,2.6,4.0
533,A,T,WANT,Y18-24,PC,BA,,,,,,,,,,,,,,,,,,,,,,,,,,,,,,1.3,1.0,1.0,0.8,0.4
534,A,T,WANT,Y18-24,PC,BE,,,,,,,,,,,,,,4.0,3.8,3.6,3.5,3.7,4.3,4.3,4.4,4.7,3.9,4.3,3.2,3.0,2.5,2.7,2.6,2.0,1.9,1.8,2.2,2.3
535,A,T,WANT,Y18-24,PC,BG,,,,,,,,,,,,,,9.6,7.7,5.4,4.8,4.9,5.0,4.8,5.3,5.4,5.1,4.4,4.0,3.0,3.0,2.7,2.7,3.3,2.6,2.0,1.6,1.4
536,A,T,WANT,Y18-24,PC,CH,,,,,,,,,,,,,,2.9,2.3,2.0,1.6,2.8,2.0,1.6,1.7,1.7,2.0,1.8,1.9,1.7,1.7,1.6,1.4,2.3,2.8,2.3,2.3,2.1
537,A,T,WANT,Y18-24,PC,CY,,,,,,,,,,,,,,2.7,1.3,1.5,1.4,1.1,1.8,1.8,3.5,3.8,1.9,2.1,1.6,2.1,1.8,1.2,1.7,1.6,2.0,2.7,2.4,2.2
538,A,T,WANT,Y18-24,PC,CZ,,,,,,,,,,,,,,2.0,1.8,1.3,1.5,1.9,1.6,1.7,2.1,1.9,1.4,1.7,1.6,1.2,1.1,0.9,1.2,1.0,1.1,1.4,1.2,1.5
539,A,T,WANT,Y18-24,PC,DE,,,,,,,,,,,,,,5.8,5.6,5.1,4.7,4.5,4.0,3.8,3.8,3.4,3.4,3.5,3.5,3.3,3.1,3.0,3.3,3.8,3.5,3.7,3.6,4.0
540,A,T,WANT,Y18-24,PC,DK,,,,,,,,,,,,,,1.5,1.1,2.6,3.2,3.3,3.6,3.5,3.0,2.4,2.6,2.4,3.1,2.8,2.7,2.9,2.3,2.1,2.1,2.3,2.7,2.9
541,A,T,WANT,Y18-24,PC,EA21,,,,,,,,,,,,,,5.4,5.1,4.9,5.0,5.9,5.9,5.8,6.0,5.8,5.4,5.0,4.7,4.3,4.1,3.8,4.0,3.7,3.3,3.2,3.1,3.1
542,A,T,WANT,Y18-24,PC,EE,,,,,,,,,,,,,,3.4,2.5,3.4,2.6,6.0,5.0,4.0,3.6,2.6,2.9,3.0,2.5,2.2,2.8,2.5,2.7,2.3,2.9,2.4,2.9,2.7
543,A,T,WANT,Y18-24,PC,EL,,,,,,,,,,,,,,2.1,3.0,2.4,2.6,3.1,3.7,4.8,4.9,5.1,4.2,3.4,2.5,2.4,2.2,1.8,1.3,1.2,1.4,0.9,0.7,0.9
544,A,T,WANT,Y18-24,PC,ES,,,,,,,,,,,,,,6.8,5.9,6.0,8.8,13.0,13.1,12.9,13.3,13.4,12.2,9.9,9.1,7.9,7.2,6.4,7.1,5.5,5.6,5.1,4.5,4.2
545,A,T,WANT,Y18-24,PC,EU27_2020,,,,,,,,,,,,,,4.9,4.6,4.3,4.4,5.2,5.2,5.2,5.3,5.1,4.8,4.5,4.2,3.9,3.6,3.4,3.6,3.3,3.0,2.9,2.9,2.8
546,A,T,WANT,Y18-24,PC,FI,,,,,,,,,,,,,,2.2,2.3,2.1,2.3,3.2,3.0,3.0,2.6,3.0,2.9,3.2,2.5,2.5,2.3,2.0,2.5,1.5,1.7,2.0,2.5,2.6
547,A,T,WANT,Y18-24,PC,FR,,,,,,,,,,,,,,4.6,5.1,4.8,4.4,5.3,5.3,5.2,5.2,4.2,4.1,4.3,4.0,3.8,3.7,3.5,3.4,3.3,2.8,2.9,2.9,2.8
548,A,T,WANT,Y18-24,PC,HR,,,,,,,,,,,,,,1.6,1.9,1.2,1.1,1.7,1.7,2.3,2.7,2.8,1.8,1.5,1.3,1.5,1.0,0.7,0.6,0.5,0.6,0.7,0.7,0.5
549,A,T,WANT,Y18-24,PC,HU,,,,,,,,,,,,,,4.1,4.1,3.5,3.4,4.5,4.1,4.6,4.9,5.1,4.0,4.0,3.9,3.4,3.3,3.4,3.4,3.1,2.7,2.5,2.8,2.1
550,A,T,WANT,Y18-24,PC,IE,,,,,,,,,,,,,,2.6,2.5,2.9,3.7,5.1,5.5,5.5,5.1,3.8,2.8,3.0,1.8,1.5,1.9,1.8,1.6,,,,,
551,A,T,WANT,Y18-24,PC,IS,,,,,,,,,,,,,,2.6,,1.9,2.2,4.9,4.3,4.0,4.2,3.6,3.3,2.6,2.3,2.4,2.4,2.5,2.7,2.6,,2.0,2.0,
552,A,T,WANT,Y18-24,PC,IT,,,,,,,,,,,,,,7.9,6.9,7.0,7.0,7.6,7.9,7.9,8.4,8.6,8.3,8.0,7.4,7.1,7.0,6.4,7.0,5.9,4.8,4.2,3.6,3.1
553,A,T,WANT,Y18-24,PC,LT,,,,,,,,,,,,,,,,,1.9,3.1,3.4,2.7,1.9,2.3,1.8,1.5,1.4,1.3,0.7,0.7,1.4,1.1,0.7,0.8,1.8,1.6
554,A,T,WANT,Y18-24,PC,LU,,,,,,,,,,,,,,2.3,3.2,2.9,3.4,3.0,2.6,2.0,2.8,2.0,1.9,2.9,2.2,3.3,2.3,2.8,3.7,3.1,2.3,,,
555,A,T,WANT,Y18-24,PC,LV,,,,,,,,,,,,,,4.5,4.3,3.6,4.1,7.4,6.2,4.5,4.6,4.1,2.8,2.3,3.5,2.4,1.6,,,,,1.8,,1.8
556,A,T,WANT,Y18-24,PC,ME,,,,,,,,,,,,,,,,,,,,3.0,2.9,3.3,2.2,3.0,2.7,2.1,,2.3,2.1,,,,,
557,A,T,WANT,Y18-24,PC,MK,,,,,,,,,,,,,,,11.0,9.5,8.6,7.0,6.0,6.0,5.6,4.3,5.6,3.7,3.7,3.4,2.6,1.8,2.1,2.4,2.5,2.8,3.2,3.4
558,A,T,WANT,Y18-24,PC,MT,,,,,,,,,,,,,,5.4,4.6,4.6,3.0,4.9,3.9,3.4,4.1,3.9,4.1,3.7,2.9,3.0,2.5,3.0,2.7,1.1,1.9,,,1.5
559,A,T,WANT,Y18-24,PC,NL,,,,,,,,,,,,,,3.2,2.6,2.1,1.9,2.5,2.2,2.0,1.9,2.5,2.4,2.0,1.8,1.5,1.4,1.5,1.3,1.2,1.2,1.5,1.6,1.8
560,A,T,WANT,Y18-24,PC,NO,,,,,,,,,,,,,,,2.7,2.5,2.3,3.0,3.0,2.8,2.8,3.1,2.4,2.1,2.0,1.7,1.9,2.1,2.0,2.1,,,,1.3
561,A,T,WANT,Y18-24,PC,PL,,,,,,,,,,,,,,2.7,2.6,1.8,1.6,1.8,2.1,2.2,2.3,2.2,2.0,1.8,1.6,1.4,1.2,0.9,1.0,0.9,0.8,0.5,0.7,0.9
562,A,T,WANT,Y18-24,PC,PT,,,,,,,,,,,,,,5.8,5.9,6.1,5.6,6.2,6.2,7.1,7.7,7.6,6.9,5.1,5.1,4.0,3.2,2.9,3.0,2.2,2.1,2.3,2.3,1.9
563,A,T,WANT,Y18-24,PC,RO,,,,,,,,,,,,,,5.1,4.4,4.3,3.7,4.3,5.0,5.5,4.7,4.7,4.8,4.4,4.3,3.7,2.7,2.2,2.1,2.7,2.9,3.3,3.4,3.3
564,A,T,WANT,Y18-24,PC,RS,,,,,,,,,,,,,,,,,,,4.0,4.4,4.1,4.3,3.9,3.5,3.0,2.5,2.8,2.7,2.2,2.1,1.6,2.0,2.0,1.4
565,A,T,WANT,Y18-24,PC,SE,,,,,,,,,,,,,,3.5,2.8,2.1,2.2,2.4,2.2,2.0,2.3,2.1,2.0,2.0,1.9,1.7,1.5,1.6,2.5,2.2,2.2,2.0,2.4,2.2
566,A,T,WANT,Y18-24,PC,SI,,,,,,,,,,,,,,1.7,1.8,1.1,1.1,1.5,1.8,2.0,1.9,2.1,2.1,2.1,1.8,1.0,1.1,1.1,1.4,,0.7,1.1,1.0,
567,A,T,WANT,Y18-24,PC,SK,,,,,,,,,,,,,,3.6,3.6,3.3,2.8,2.2,2.2,2.5,2.4,2.6,2.9,3.2,2.6,3.0,3.0,3.1,2.4,3.1,2.8,2.6,3.1,1.9
568,A,T,WANT,Y18-24,PC,TR,,,,,,,,,,,,,,,6.0,5.7,5.7,7.1,6.2,4.9,4.9,5.0,5.4,5.2,5.0,4.5,4.3,4.9,5.5,4.5,3.7,3.4,3.6,4.0
569,A,T,WANT,Y18-24,PC,UK,,,,,,,,,,,,,,2.9,2.9,4.4,5.0,4.9,5.1,5.4,4.9,4.4,3.9,3.2,3.0,2.4,2.3,2.5,,,,,,
