Comunidad autónoma;Curso de ingreso;Años de duración;Sexo;Total
TOTAL;2021-2022;TOTAL;AMBOS SEXOS;..
TOTAL;2021-2022;TOTAL;Hombres;..
TOTAL;2021-2022;TOTAL;Mujeres;..
TOTAL;2021-2022;2 años;AMBOS SEXOS;52,0
TOTAL;2021-2022;2 años;Hombres;46,3
TOTAL;2021-2022;2 años;Mujeres;59,6
TOTAL;2021-2022;3 años;AMBOS SEXOS;..
TOTAL;2021-2022;3 años;Hombres;..
TOTAL;2021-2022;3 años;Mujeres;..
TOTAL;2021-2022;4 años;AMBOS SEXOS;..
TOTAL;2021-2022;4 años;Hombres;..
TOTAL;2021-2022;4 años;Mujeres;..
TOTAL;2020-2021;TOTAL;AMBOS SEXOS;..
TOTAL;2020-2021;TOTAL;Hombres;..
TOTAL;2020-2021;TOTAL;Mujeres;..
TOTAL;2020-2021;2 años;AMBOS SEXOS;50,6
TOTAL;2020-2021;2 años;Hombres;45,2
TOTAL;2020-2021;2 años;Mujeres;58,1
TOTAL;2020-2021;3 años;AMBOS SEXOS;12,0
TOTAL;2020-2021;3 años;Hombres;12,9
TOTAL;2020-2021;3 años;Mujeres;10,9
TOTAL;2020-2021;4 años;AMBOS SEXOS;..
TOTAL;2020-2021;4 años;Hombres;..
TOTAL;2020-2021;4 años;Mujeres;..
TOTAL;2019-2020;TOTAL;AMBOS SEXOS;68,6
TOTAL;2019-2020;TOTAL;Hombres;64,3
TOTAL;2019-2020;TOTAL;Mujeres;74,5
TOTAL;2019-2020;2 años;AMBOS SEXOS;51,7
TOTAL;2019-2020;2 años;Hombres;45,7
TOTAL;2019-2020;2 años;Mujeres;59,8
TOTAL;2019-2020;3 años;AMBOS SEXOS;12,9
TOTAL;2019-2020;3 años;Hombres;13,9
TOTAL;2019-2020;3 años;Mujeres;11,5
TOTAL;2019-2020;4 años;AMBOS SEXOS;4,1
TOTAL;2019-2020;4 años;Hombres;4,7
TOTAL;2019-2020;4 años;Mujeres;3,2
TOTAL;2018-2019;TOTAL;AMBOS SEXOS;67,1
TOTAL;2018-2019;TOTAL;Hombres;62,8
TOTAL;2018-2019;TOTAL;Mujeres;72,9
TOTAL;2018-2019;2 años;AMBOS SEXOS;46,1
TOTAL;2018-2019;2 años;Hombres;40,7
TOTAL;2018-2019;2 años;Mujeres;53,4
TOTAL;2018-2019;3 años;AMBOS SEXOS;16,3
TOTAL;2018-2019;3 años;Hombres;16,7
TOTAL;2018-2019;3 años;Mujeres;15,8
TOTAL;2018-2019;4 años;AMBOS SEXOS;4,6
TOTAL;2018-2019;4 años;Hombres;5,3
TOTAL;2018-2019;4 años;Mujeres;3,7
TOTAL;2017-2018;TOTAL;AMBOS SEXOS;64,3
TOTAL;2017-2018;TOTAL;Hombres;60,1
TOTAL;2017-2018;TOTAL;Mujeres;70,2
TOTAL;2017-2018;2 años;AMBOS SEXOS;46,3
TOTAL;2017-2018;2 años;Hombres;40,8
TOTAL;2017-2018;2 años;Mujeres;53,7
TOTAL;2017-2018;3 años;AMBOS SEXOS;12,7
TOTAL;2017-2018;3 años;Hombres;13,3
TOTAL;2017-2018;3 años;Mujeres;11,9
TOTAL;2017-2018;4 años;AMBOS SEXOS;5,4
TOTAL;2017-2018;4 años;Hombres;6,0
TOTAL;2017-2018;4 años;Mujeres;4,5
TOTAL;2016-2017 (1);TOTAL;AMBOS SEXOS;61,6
TOTAL;2016-2017 (1);TOTAL;Hombres;57,3
TOTAL;2016-2017 (1);TOTAL;Mujeres;67,4
TOTAL;2016-2017 (1);2 años;AMBOS SEXOS;44,0
TOTAL;2016-2017 (1);2 años;Hombres;38,7
TOTAL;2016-2017 (1);2 años;Mujeres;51,0
TOTAL;2016-2017 (1);3 años;AMBOS SEXOS;13,1
TOTAL;2016-2017 (1);3 años;Hombres;13,5
TOTAL;2016-2017 (1);3 años;Mujeres;12,5
TOTAL;2016-2017 (1);4 años;AMBOS SEXOS;4,5
TOTAL;2016-2017 (1);4 años;Hombres;5,0
TOTAL;2016-2017 (1);4 años;Mujeres;3,8
Andalucía;2021-2022;TOTAL;AMBOS SEXOS;..
Andalucía;2021-2022;TOTAL;Hombres;..
Andalucía;2021-2022;TOTAL;Mujeres;..
Andalucía;2021-2022;2 años;AMBOS SEXOS;53,5
Andalucía;2021-2022;2 años;Hombres;47,5
Andalucía;2021-2022;2 años;Mujeres;61,2
Andalucía;2021-2022;3 años;AMBOS SEXOS;..
Andalucía;2021-2022;3 años;Hombres;..
Andalucía;2021-2022;3 años;Mujeres;..
Andalucía;2021-2022;4 años;AMBOS SEXOS;..
Andalucía;2021-2022;4 años;Hombres;..
Andalucía;2021-2022;4 años;Mujeres;..
Andalucía;2020-2021;TOTAL;AMBOS SEXOS;..
Andalucía;2020-2021;TOTAL;Hombres;..
Andalucía;2020-2021;TOTAL;Mujeres;..
Andalucía;2020-2021;2 años;AMBOS SEXOS;52,2
Andalucía;2020-2021;2 años;Hombres;46,1
Andalucía;2020-2021;2 años;Mujeres;59,7
Andalucía;2020-2021;3 años;AMBOS SEXOS;13,0
Andalucía;2020-2021;3 años;Hombres;13,9
Andalucía;2020-2021;3 años;Mujeres;12,0
Andalucía;2020-2021;4 años;AMBOS SEXOS;..
Andalucía;2020-2021;4 años;Hombres;..
Andalucía;2020-2021;4 años;Mujeres;..
Andalucía;2019-2020;TOTAL;AMBOS SEXOS;70,4
Andalucía;2019-2020;TOTAL;Hombres;64,8
Andalucía;2019-2020;TOTAL;Mujeres;77,3
Andalucía;2019-2020;2 años;AMBOS SEXOS;51,8
Andalucía;2019-2020;2 años;Hombres;44,3
Andalucía;2019-2020;2 años;Mujeres;61,1
Andalucía;2019-2020;3 años;AMBOS SEXOS;13,8
Andalucía;2019-2020;3 años;Hombres;14,8
Andalucía;2019-2020;3 años;Mujeres;12,5
Andalucía;2019-2020;4 años;AMBOS SEXOS;4,8
Andalucía;2019-2020;4 años;Hombres;5,7
Andalucía;2019-2020;4 años;Mujeres;3,6
Andalucía;2018-2019;TOTAL;AMBOS SEXOS;69,1
Andalucía;2018-2019;TOTAL;Hombres;63,0
Andalucía;2018-2019;TOTAL;Mujeres;76,5
Andalucía;2018-2019;2 años;AMBOS SEXOS;44,6
Andalucía;2018-2019;2 años;Hombres;37,6
Andalucía;2018-2019;2 años;Mujeres;53,1
Andalucía;2018-2019;3 años;AMBOS SEXOS;19,0
Andalucía;2018-2019;3 años;Hombres;19,1
Andalucía;2018-2019;3 años;Mujeres;18,8
Andalucía;2018-2019;4 años;AMBOS SEXOS;5,5
Andalucía;2018-2019;4 años;Hombres;6,3
Andalucía;2018-2019;4 años;Mujeres;4,5
Andalucía;2017-2018;TOTAL;AMBOS SEXOS;65,6
Andalucía;2017-2018;TOTAL;Hombres;60,2
Andalucía;2017-2018;TOTAL;Mujeres;72,4
Andalucía;2017-2018;2 años;AMBOS SEXOS;46,1
Andalucía;2017-2018;2 años;Hombres;40,1
Andalucía;2017-2018;2 años;Mujeres;53,7
Andalucía;2017-2018;3 años;AMBOS SEXOS;12,7
Andalucía;2017-2018;3 años;Hombres;12,6
Andalucía;2017-2018;3 años;Mujeres;12,8
Andalucía;2017-2018;4 años;AMBOS SEXOS;6,8
Andalucía;2017-2018;4 años;Hombres;7,5
Andalucía;2017-2018;4 años;Mujeres;5,9
Andalucía;2016-2017 (1);TOTAL;AMBOS SEXOS;62,8
Andalucía;2016-2017 (1);TOTAL;Hombres;57,7
Andalucía;2016-2017 (1);TOTAL;Mujeres;69,3
Andalucía;2016-2017 (1);2 años;AMBOS SEXOS;43,8
Andalucía;2016-2017 (1);2 años;Hombres;38,6
Andalucía;2016-2017 (1);2 años;Mujeres;50,3
Andalucía;2016-2017 (1);3 años;AMBOS SEXOS;14,2
Andalucía;2016-2017 (1);3 años;Hombres;14,0
Andalucía;2016-2017 (1);3 años;Mujeres;14,5
Andalucía;2016-2017 (1);4 años;AMBOS SEXOS;4,8
Andalucía;2016-2017 (1);4 años;Hombres;5,1
Andalucía;2016-2017 (1);4 años;Mujeres;4,5
Aragón;2021-2022;TOTAL;AMBOS SEXOS;..
Aragón;2021-2022;TOTAL;Hombres;..
Aragón;2021-2022;TOTAL;Mujeres;..
Aragón;2021-2022;2 años;AMBOS SEXOS;50,5
Aragón;2021-2022;2 años;Hombres;46,6
Aragón;2021-2022;2 años;Mujeres;56,3
Aragón;2021-2022;3 años;AMBOS SEXOS;..
Aragón;2021-2022;3 años;Hombres;..
Aragón;2021-2022;3 años;Mujeres;..
Aragón;2021-2022;4 años;AMBOS SEXOS;..
Aragón;2021-2022;4 años;Hombres;..
Aragón;2021-2022;4 años;Mujeres;..
Aragón;2020-2021;TOTAL;AMBOS SEXOS;..
Aragón;2020-2021;TOTAL;Hombres;..
Aragón;2020-2021;TOTAL;Mujeres;..
Aragón;2020-2021;2 años;AMBOS SEXOS;47,1
Aragón;2020-2021;2 años;Hombres;45,3
Aragón;2020-2021;2 años;Mujeres;50,1
Aragón;2020-2021;3 años;AMBOS SEXOS;14,8
Aragón;2020-2021;3 años;Hombres;14,9
Aragón;2020-2021;3 años;Mujeres;14,8
Aragón;2020-2021;4 años;AMBOS SEXOS;..
Aragón;2020-2021;4 años;Hombres;..
Aragón;2020-2021;4 años;Mujeres;..
Aragón;2019-2020;TOTAL;AMBOS SEXOS;68,3
Aragón;2019-2020;TOTAL;Hombres;65,3
Aragón;2019-2020;TOTAL;Mujeres;72,5
Aragón;2019-2020;2 años;AMBOS SEXOS;49,6
Aragón;2019-2020;2 años;Hombres;45,4
Aragón;2019-2020;2 años;Mujeres;55,5
Aragón;2019-2020;3 años;AMBOS SEXOS;14,8
Aragón;2019-2020;3 años;Hombres;15,9
Aragón;2019-2020;3 años;Mujeres;13,2
Aragón;2019-2020;4 años;AMBOS SEXOS;3,9
Aragón;2019-2020;4 años;Hombres;3,9
Aragón;2019-2020;4 años;Mujeres;3,9
Aragón;2018-2019;TOTAL;AMBOS SEXOS;65,5
Aragón;2018-2019;TOTAL;Hombres;61,7
Aragón;2018-2019;TOTAL;Mujeres;70,6
Aragón;2018-2019;2 años;AMBOS SEXOS;42,2
Aragón;2018-2019;2 años;Hombres;38,3
Aragón;2018-2019;2 años;Mujeres;47,5
Aragón;2018-2019;3 años;AMBOS SEXOS;18,7
Aragón;2018-2019;3 años;Hombres;18,0
Aragón;2018-2019;3 años;Mujeres;19,5
Aragón;2018-2019;4 años;AMBOS SEXOS;4,6
Aragón;2018-2019;4 años;Hombres;5,4
Aragón;2018-2019;4 años;Mujeres;3,6
Aragón;2017-2018;TOTAL;AMBOS SEXOS;61,7
Aragón;2017-2018;TOTAL;Hombres;59,0
Aragón;2017-2018;TOTAL;Mujeres;65,7
Aragón;2017-2018;2 años;AMBOS SEXOS;39,2
Aragón;2017-2018;2 años;Hombres;36,0
Aragón;2017-2018;2 años;Mujeres;43,9
Aragón;2017-2018;3 años;AMBOS SEXOS;15,0
Aragón;2017-2018;3 años;Hombres;14,6
Aragón;2017-2018;3 años;Mujeres;15,7
Aragón;2017-2018;4 años;AMBOS SEXOS;7,5
Aragón;2017-2018;4 años;Hombres;8,4
Aragón;2017-2018;4 años;Mujeres;6,2
Aragón;2016-2017 (1);TOTAL;AMBOS SEXOS;61,3
Aragón;2016-2017 (1);TOTAL;Hombres;59,9
Aragón;2016-2017 (1);TOTAL;Mujeres;63,7
Aragón;2016-2017 (1);2 años;AMBOS SEXOS;42,6
Aragón;2016-2017 (1);2 años;Hombres;41,5
Aragón;2016-2017 (1);2 años;Mujeres;44,5
Aragón;2016-2017 (1);3 años;AMBOS SEXOS;13,7
Aragón;2016-2017 (1);3 años;Hombres;13,1
Aragón;2016-2017 (1);3 años;Mujeres;14,7
Aragón;2016-2017 (1);4 años;AMBOS SEXOS;5,0
Aragón;2016-2017 (1);4 años;Hombres;5,3
Aragón;2016-2017 (1);4 años;Mujeres;4,6
Asturias, Principado de;2021-2022;TOTAL;AMBOS SEXOS;..
Asturias, Principado de;2021-2022;TOTAL;Hombres;..
Asturias, Principado de;2021-2022;TOTAL;Mujeres;..
Asturias, Principado de;2021-2022;2 años;AMBOS SEXOS;47,1
Asturias, Principado de;2021-2022;2 años;Hombres;38,8
Asturias, Principado de;2021-2022;2 años;Mujeres;57,5
Asturias, Principado de;2021-2022;3 años;AMBOS SEXOS;..
Asturias, Principado de;2021-2022;3 años;Hombres;..
Asturias, Principado de;2021-2022;3 años;Mujeres;..
Asturias, Principado de;2021-2022;4 años;AMBOS SEXOS;..
Asturias, Principado de;2021-2022;4 años;Hombres;..
Asturias, Principado de;2021-2022;4 años;Mujeres;..
Asturias, Principado de;2020-2021;TOTAL;AMBOS SEXOS;..
Asturias, Principado de;2020-2021;TOTAL;Hombres;..
Asturias, Principado de;2020-2021;TOTAL;Mujeres;..
Asturias, Principado de;2020-2021;2 años;AMBOS SEXOS;48,1
Asturias, Principado de;2020-2021;2 años;Hombres;39,0
Asturias, Principado de;2020-2021;2 años;Mujeres;58,6
Asturias, Principado de;2020-2021;3 años;AMBOS SEXOS;11,2
Asturias, Principado de;2020-2021;3 años;Hombres;12,6
Asturias, Principado de;2020-2021;3 años;Mujeres;9,5
Asturias, Principado de;2020-2021;4 años;AMBOS SEXOS;..
Asturias, Principado de;2020-2021;4 años;Hombres;..
Asturias, Principado de;2020-2021;4 años;Mujeres;..
Asturias, Principado de;2019-2020;TOTAL;AMBOS SEXOS;65,8
Asturias, Principado de;2019-2020;TOTAL;Hombres;59,4
Asturias, Principado de;2019-2020;TOTAL;Mujeres;73,9
Asturias, Principado de;2019-2020;2 años;AMBOS SEXOS;50,1
Asturias, Principado de;2019-2020;2 años;Hombres;40,2
Asturias, Principado de;2019-2020;2 años;Mujeres;62,7
Asturias, Principado de;2019-2020;3 años;AMBOS SEXOS;12,0
Asturias, Principado de;2019-2020;3 años;Hombres;14,8
Asturias, Principado de;2019-2020;3 años;Mujeres;8,4
Asturias, Principado de;2019-2020;4 años;AMBOS SEXOS;3,7
Asturias, Principado de;2019-2020;4 años;Hombres;4,4
Asturias, Principado de;2019-2020;4 años;Mujeres;2,8
Asturias, Principado de;2018-2019;TOTAL;AMBOS SEXOS;64,9
Asturias, Principado de;2018-2019;TOTAL;Hombres;58,8
Asturias, Principado de;2018-2019;TOTAL;Mujeres;72,6
Asturias, Principado de;2018-2019;2 años;AMBOS SEXOS;44,7
Asturias, Principado de;2018-2019;2 años;Hombres;36,1
Asturias, Principado de;2018-2019;2 años;Mujeres;55,7
Asturias, Principado de;2018-2019;3 años;AMBOS SEXOS;16,1
Asturias, Principado de;2018-2019;3 años;Hombres;17,5
Asturias, Principado de;2018-2019;3 años;Mujeres;14,2
Asturias, Principado de;2018-2019;4 años;AMBOS SEXOS;4,1
Asturias, Principado de;2018-2019;4 años;Hombres;5,1
Asturias, Principado de;2018-2019;4 años;Mujeres;2,8
Asturias, Principado de;2017-2018;TOTAL;AMBOS SEXOS;63,3
Asturias, Principado de;2017-2018;TOTAL;Hombres;57,4
Asturias, Principado de;2017-2018;TOTAL;Mujeres;70,9
Asturias, Principado de;2017-2018;2 años;AMBOS SEXOS;46,9
Asturias, Principado de;2017-2018;2 años;Hombres;37,6
Asturias, Principado de;2017-2018;2 años;Mujeres;59,2
Asturias, Principado de;2017-2018;3 años;AMBOS SEXOS;11,2
Asturias, Principado de;2017-2018;3 años;Hombres;13,9
Asturias, Principado de;2017-2018;3 años;Mujeres;7,7
Asturias, Principado de;2017-2018;4 años;AMBOS SEXOS;5,1
Asturias, Principado de;2017-2018;4 años;Hombres;5,9
Asturias, Principado de;2017-2018;4 años;Mujeres;4,0
Asturias, Principado de;2016-2017 (1);TOTAL;AMBOS SEXOS;61,3
Asturias, Principado de;2016-2017 (1);TOTAL;Hombres;54,0
Asturias, Principado de;2016-2017 (1);TOTAL;Mujeres;70,6
Asturias, Principado de;2016-2017 (1);2 años;AMBOS SEXOS;45,8
Asturias, Principado de;2016-2017 (1);2 años;Hombres;37,6
Asturias, Principado de;2016-2017 (1);2 años;Mujeres;56,4
Asturias, Principado de;2016-2017 (1);3 años;AMBOS SEXOS;11,8
Asturias, Principado de;2016-2017 (1);3 años;Hombres;12,0
Asturias, Principado de;2016-2017 (1);3 años;Mujeres;11,5
Asturias, Principado de;2016-2017 (1);4 años;AMBOS SEXOS;3,7
Asturias, Principado de;2016-2017 (1);4 años;Hombres;4,5
Asturias, Principado de;2016-2017 (1);4 años;Mujeres;2,7
Balears, Illes;2021-2022;TOTAL;AMBOS SEXOS;..
Balears, Illes;2021-2022;TOTAL;Hombres;..
Balears, Illes;2021-2022;TOTAL;Mujeres;..
Balears, Illes;2021-2022;2 años;AMBOS SEXOS;48,4
Balears, Illes;2021-2022;2 años;Hombres;43,2
Balears, Illes;2021-2022;2 años;Mujeres;55,6
Balears, Illes;2021-2022;3 años;AMBOS SEXOS;..
Balears, Illes;2021-2022;3 años;Hombres;..
Balears, Illes;2021-2022;3 años;Mujeres;..
Balears, Illes;2021-2022;4 años;AMBOS SEXOS;..
Balears, Illes;2021-2022;4 años;Hombres;..
Balears, Illes;2021-2022;4 años;Mujeres;..
Balears, Illes;2020-2021;TOTAL;AMBOS SEXOS;..
Balears, Illes;2020-2021;TOTAL;Hombres;..
Balears, Illes;2020-2021;TOTAL;Mujeres;..
Balears, Illes;2020-2021;2 años;AMBOS SEXOS;48,1
Balears, Illes;2020-2021;2 años;Hombres;42,9
Balears, Illes;2020-2021;2 años;Mujeres;54,7
Balears, Illes;2020-2021;3 años;AMBOS SEXOS;11,4
Balears, Illes;2020-2021;3 años;Hombres;11,7
Balears, Illes;2020-2021;3 años;Mujeres;10,9
Balears, Illes;2020-2021;4 años;AMBOS SEXOS;..
Balears, Illes;2020-2021;4 años;Hombres;..
Balears, Illes;2020-2021;4 años;Mujeres;..
Balears, Illes;2019-2020;TOTAL;AMBOS SEXOS;71,9
Balears, Illes;2019-2020;TOTAL;Hombres;67,2
Balears, Illes;2019-2020;TOTAL;Mujeres;78,5
Balears, Illes;2019-2020;2 años;AMBOS SEXOS;55,5
Balears, Illes;2019-2020;2 años;Hombres;51,2
Balears, Illes;2019-2020;2 años;Mujeres;61,5
Balears, Illes;2019-2020;3 años;AMBOS SEXOS;12,4
Balears, Illes;2019-2020;3 años;Hombres;11,6
Balears, Illes;2019-2020;3 años;Mujeres;13,5
Balears, Illes;2019-2020;4 años;AMBOS SEXOS;4,1
Balears, Illes;2019-2020;4 años;Hombres;4,4
Balears, Illes;2019-2020;4 años;Mujeres;3,6
Balears, Illes;2018-2019;TOTAL;AMBOS SEXOS;67,3
Balears, Illes;2018-2019;TOTAL;Hombres;63,7
Balears, Illes;2018-2019;TOTAL;Mujeres;72,3
Balears, Illes;2018-2019;2 años;AMBOS SEXOS;44,4
Balears, Illes;2018-2019;2 años;Hombres;40,3
Balears, Illes;2018-2019;2 años;Mujeres;49,9
Balears, Illes;2018-2019;3 años;AMBOS SEXOS;19,2
Balears, Illes;2018-2019;3 años;Hombres;19,1
Balears, Illes;2018-2019;3 años;Mujeres;19,4
Balears, Illes;2018-2019;4 años;AMBOS SEXOS;3,8
Balears, Illes;2018-2019;4 años;Hombres;4,3
Balears, Illes;2018-2019;4 años;Mujeres;3,1
Balears, Illes;2017-2018;TOTAL;AMBOS SEXOS;64,6
Balears, Illes;2017-2018;TOTAL;Hombres;62,1
Balears, Illes;2017-2018;TOTAL;Mujeres;68,3
Balears, Illes;2017-2018;2 años;AMBOS SEXOS;46,4
Balears, Illes;2017-2018;2 años;Hombres;43,0
Balears, Illes;2017-2018;2 años;Mujeres;51,4
Balears, Illes;2017-2018;3 años;AMBOS SEXOS;12,1
Balears, Illes;2017-2018;3 años;Hombres;12,2
Balears, Illes;2017-2018;3 años;Mujeres;11,8
Balears, Illes;2017-2018;4 años;AMBOS SEXOS;6,1
Balears, Illes;2017-2018;4 años;Hombres;6,8
Balears, Illes;2017-2018;4 años;Mujeres;5,1
Balears, Illes;2016-2017 (1);TOTAL;AMBOS SEXOS;64,3
Balears, Illes;2016-2017 (1);TOTAL;Hombres;59,7
Balears, Illes;2016-2017 (1);TOTAL;Mujeres;70,4
Balears, Illes;2016-2017 (1);2 años;AMBOS SEXOS;45,2
Balears, Illes;2016-2017 (1);2 años;Hombres;40,7
Balears, Illes;2016-2017 (1);2 años;Mujeres;51,1
Balears, Illes;2016-2017 (1);3 años;AMBOS SEXOS;14,6
Balears, Illes;2016-2017 (1);3 años;Hombres;14,5
Balears, Illes;2016-2017 (1);3 años;Mujeres;14,6
Balears, Illes;2016-2017 (1);4 años;AMBOS SEXOS;4,6
Balears, Illes;2016-2017 (1);4 años;Hombres;4,4
Balears, Illes;2016-2017 (1);4 años;Mujeres;4,7
Canarias;2021-2022;TOTAL;AMBOS SEXOS;..
Canarias;2021-2022;TOTAL;Hombres;..
Canarias;2021-2022;TOTAL;Mujeres;..
Canarias;2021-2022;2 años;AMBOS SEXOS;45,3
Canarias;2021-2022;2 años;Hombres;41,0
Canarias;2021-2022;2 años;Mujeres;51,6
Canarias;2021-2022;3 años;AMBOS SEXOS;..
Canarias;2021-2022;3 años;Hombres;..
Canarias;2021-2022;3 años;Mujeres;..
Canarias;2021-2022;4 años;AMBOS SEXOS;..
Canarias;2021-2022;4 años;Hombres;..
Canarias;2021-2022;4 años;Mujeres;..
Canarias;2020-2021;TOTAL;AMBOS SEXOS;..
Canarias;2020-2021;TOTAL;Hombres;..
Canarias;2020-2021;TOTAL;Mujeres;..
Canarias;2020-2021;2 años;AMBOS SEXOS;46,4
Canarias;2020-2021;2 años;Hombres;41,0
Canarias;2020-2021;2 años;Mujeres;54,5
Canarias;2020-2021;3 años;AMBOS SEXOS;7,8
Canarias;2020-2021;3 años;Hombres;8,9
Canarias;2020-2021;3 años;Mujeres;6,2
Canarias;2020-2021;4 años;AMBOS SEXOS;..
Canarias;2020-2021;4 años;Hombres;..
Canarias;2020-2021;4 años;Mujeres;..
Canarias;2019-2020;TOTAL;AMBOS SEXOS;60,6
Canarias;2019-2020;TOTAL;Hombres;54,7
Canarias;2019-2020;TOTAL;Mujeres;69,2
Canarias;2019-2020;2 años;AMBOS SEXOS;49,2
Canarias;2019-2020;2 años;Hombres;42,4
Canarias;2019-2020;2 años;Mujeres;59,2
Canarias;2019-2020;3 años;AMBOS SEXOS;8,4
Canarias;2019-2020;3 años;Hombres;9,0
Canarias;2019-2020;3 años;Mujeres;7,5
Canarias;2019-2020;4 años;AMBOS SEXOS;3,0
Canarias;2019-2020;4 años;Hombres;3,3
Canarias;2019-2020;4 años;Mujeres;2,6
Canarias;2018-2019;TOTAL;AMBOS SEXOS;58,4
Canarias;2018-2019;TOTAL;Hombres;54,7
Canarias;2018-2019;TOTAL;Mujeres;63,6
Canarias;2018-2019;2 años;AMBOS SEXOS;41,6
Canarias;2018-2019;2 años;Hombres;36,6
Canarias;2018-2019;2 años;Mujeres;48,7
Canarias;2018-2019;3 años;AMBOS SEXOS;13,3
Canarias;2018-2019;3 años;Hombres;14,4
Canarias;2018-2019;3 años;Mujeres;11,8
Canarias;2018-2019;4 años;AMBOS SEXOS;3,5
Canarias;2018-2019;4 años;Hombres;3,8
Canarias;2018-2019;4 años;Mujeres;3,1
Canarias;2017-2018;TOTAL;AMBOS SEXOS;56,1
Canarias;2017-2018;TOTAL;Hombres;52,6
Canarias;2017-2018;TOTAL;Mujeres;61,1
Canarias;2017-2018;2 años;AMBOS SEXOS;43,7
Canarias;2017-2018;2 años;Hombres;39,5
Canarias;2017-2018;2 años;Mujeres;49,7
Canarias;2017-2018;3 años;AMBOS SEXOS;8,3
Canarias;2017-2018;3 años;Hombres;8,2
Canarias;2017-2018;3 años;Mujeres;8,5
Canarias;2017-2018;4 años;AMBOS SEXOS;4,1
Canarias;2017-2018;4 años;Hombres;4,8
Canarias;2017-2018;4 años;Mujeres;3,0
Canarias;2016-2017 (1);TOTAL;AMBOS SEXOS;53,1
Canarias;2016-2017 (1);TOTAL;Hombres;48,3
Canarias;2016-2017 (1);TOTAL;Mujeres;59,9
Canarias;2016-2017 (1);2 años;AMBOS SEXOS;41,6
Canarias;2016-2017 (1);2 años;Hombres;36,9
Canarias;2016-2017 (1);2 años;Mujeres;48,5
Canarias;2016-2017 (1);3 años;AMBOS SEXOS;8,9
Canarias;2016-2017 (1);3 años;Hombres;9,1
Canarias;2016-2017 (1);3 años;Mujeres;8,6
Canarias;2016-2017 (1);4 años;AMBOS SEXOS;2,5
Canarias;2016-2017 (1);4 años;Hombres;2,3
Canarias;2016-2017 (1);4 años;Mujeres;2,8
Cantabria;2021-2022;TOTAL;AMBOS SEXOS;..
Cantabria;2021-2022;TOTAL;Hombres;..
Cantabria;2021-2022;TOTAL;Mujeres;..
Cantabria;2021-2022;2 años;AMBOS SEXOS;46,7
Cantabria;2021-2022;2 años;Hombres;38,7
Cantabria;2021-2022;2 años;Mujeres;57,3
Cantabria;2021-2022;3 años;AMBOS SEXOS;..
Cantabria;2021-2022;3 años;Hombres;..
Cantabria;2021-2022;3 años;Mujeres;..
Cantabria;2021-2022;4 años;AMBOS SEXOS;..
Cantabria;2021-2022;4 años;Hombres;..
Cantabria;2021-2022;4 años;Mujeres;..
Cantabria;2020-2021;TOTAL;AMBOS SEXOS;..
Cantabria;2020-2021;TOTAL;Hombres;..
Cantabria;2020-2021;TOTAL;Mujeres;..
Cantabria;2020-2021;2 años;AMBOS SEXOS;49,4
Cantabria;2020-2021;2 años;Hombres;41,3
Cantabria;2020-2021;2 años;Mujeres;59,5
Cantabria;2020-2021;3 años;AMBOS SEXOS;15,2
Cantabria;2020-2021;3 años;Hombres;16,6
Cantabria;2020-2021;3 años;Mujeres;13,4
Cantabria;2020-2021;4 años;AMBOS SEXOS;..
Cantabria;2020-2021;4 años;Hombres;..
Cantabria;2020-2021;4 años;Mujeres;..
Cantabria;2019-2020;TOTAL;AMBOS SEXOS;70,1
Cantabria;2019-2020;TOTAL;Hombres;65,8
Cantabria;2019-2020;TOTAL;Mujeres;75,5
Cantabria;2019-2020;2 años;AMBOS SEXOS;48,7
Cantabria;2019-2020;2 años;Hombres;41,7
Cantabria;2019-2020;2 años;Mujeres;57,5
Cantabria;2019-2020;3 años;AMBOS SEXOS;16,2
Cantabria;2019-2020;3 años;Hombres;17,1
Cantabria;2019-2020;3 años;Mujeres;15,0
Cantabria;2019-2020;4 años;AMBOS SEXOS;5,3
Cantabria;2019-2020;4 años;Hombres;7,0
Cantabria;2019-2020;4 años;Mujeres;3,1
Cantabria;2018-2019;TOTAL;AMBOS SEXOS;66,1
Cantabria;2018-2019;TOTAL;Hombres;59,5
Cantabria;2018-2019;TOTAL;Mujeres;74,3
Cantabria;2018-2019;2 años;AMBOS SEXOS;39,1
Cantabria;2018-2019;2 años;Hombres;30,8
Cantabria;2018-2019;2 años;Mujeres;49,5
Cantabria;2018-2019;3 años;AMBOS SEXOS;21,2
Cantabria;2018-2019;3 años;Hombres;21,8
Cantabria;2018-2019;3 años;Mujeres;20,5
Cantabria;2018-2019;4 años;AMBOS SEXOS;5,7
Cantabria;2018-2019;4 años;Hombres;6,9
Cantabria;2018-2019;4 años;Mujeres;4,3
Cantabria;2017-2018;TOTAL;AMBOS SEXOS;66,0
Cantabria;2017-2018;TOTAL;Hombres;60,3
Cantabria;2017-2018;TOTAL;Mujeres;73,6
Cantabria;2017-2018;2 años;AMBOS SEXOS;44,8
Cantabria;2017-2018;2 años;Hombres;36,5
Cantabria;2017-2018;2 años;Mujeres;56,0
Cantabria;2017-2018;3 años;AMBOS SEXOS;14,0
Cantabria;2017-2018;3 años;Hombres;16,3
Cantabria;2017-2018;3 años;Mujeres;11,0
Cantabria;2017-2018;4 años;AMBOS SEXOS;7,1
Cantabria;2017-2018;4 años;Hombres;7,5
Cantabria;2017-2018;4 años;Mujeres;6,5
Cantabria;2016-2017 (1);TOTAL;AMBOS SEXOS;61,1
Cantabria;2016-2017 (1);TOTAL;Hombres;53,8
Cantabria;2016-2017 (1);TOTAL;Mujeres;71,4
Cantabria;2016-2017 (1);2 años;AMBOS SEXOS;39,6
Cantabria;2016-2017 (1);2 años;Hombres;30,9
Cantabria;2016-2017 (1);2 años;Mujeres;51,8
Cantabria;2016-2017 (1);3 años;AMBOS SEXOS;16,2
Cantabria;2016-2017 (1);3 años;Hombres;16,8
Cantabria;2016-2017 (1);3 años;Mujeres;15,5
Cantabria;2016-2017 (1);4 años;AMBOS SEXOS;5,3
Cantabria;2016-2017 (1);4 años;Hombres;6,1
Cantabria;2016-2017 (1);4 años;Mujeres;4,1
Castilla y León;2021-2022;TOTAL;AMBOS SEXOS;..
Castilla y León;2021-2022;TOTAL;Hombres;..
Castilla y León;2021-2022;TOTAL;Mujeres;..
Castilla y León;2021-2022;2 años;AMBOS SEXOS;42,2
Castilla y León;2021-2022;2 años;Hombres;38,8
Castilla y León;2021-2022;2 años;Mujeres;47,3
Castilla y León;2021-2022;3 años;AMBOS SEXOS;..
Castilla y León;2021-2022;3 años;Hombres;..
Castilla y León;2021-2022;3 años;Mujeres;..
Castilla y León;2021-2022;4 años;AMBOS SEXOS;..
Castilla y León;2021-2022;4 años;Hombres;..
Castilla y León;2021-2022;4 años;Mujeres;..
Castilla y León;2020-2021;TOTAL;AMBOS SEXOS;..
Castilla y León;2020-2021;TOTAL;Hombres;..
Castilla y León;2020-2021;TOTAL;Mujeres;..
Castilla y León;2020-2021;2 años;AMBOS SEXOS;42,6
Castilla y León;2020-2021;2 años;Hombres;38,7
Castilla y León;2020-2021;2 años;Mujeres;48,2
Castilla y León;2020-2021;3 años;AMBOS SEXOS;14,9
Castilla y León;2020-2021;3 años;Hombres;15,6
Castilla y León;2020-2021;3 años;Mujeres;13,9
Castilla y León;2020-2021;4 años;AMBOS SEXOS;..
Castilla y León;2020-2021;4 años;Hombres;..
Castilla y León;2020-2021;4 años;Mujeres;..
Castilla y León;2019-2020;TOTAL;AMBOS SEXOS;64,6
Castilla y León;2019-2020;TOTAL;Hombres;60,8
Castilla y León;2019-2020;TOTAL;Mujeres;69,6
Castilla y León;2019-2020;2 años;AMBOS SEXOS;43,8
Castilla y León;2019-2020;2 años;Hombres;39,3
Castilla y León;2019-2020;2 años;Mujeres;49,9
Castilla y León;2019-2020;3 años;AMBOS SEXOS;15,4
Castilla y León;2019-2020;3 años;Hombres;15,8
Castilla y León;2019-2020;3 años;Mujeres;14,7
Castilla y León;2019-2020;4 años;AMBOS SEXOS;5,4
Castilla y León;2019-2020;4 años;Hombres;5,7
Castilla y León;2019-2020;4 años;Mujeres;5,0
Castilla y León;2018-2019;TOTAL;AMBOS SEXOS;61,7
Castilla y León;2018-2019;TOTAL;Hombres;59,5
Castilla y León;2018-2019;TOTAL;Mujeres;64,7
Castilla y León;2018-2019;2 años;AMBOS SEXOS;35,5
Castilla y León;2018-2019;2 años;Hombres;32,1
Castilla y León;2018-2019;2 años;Mujeres;40,3
Castilla y León;2018-2019;3 años;AMBOS SEXOS;19,8
Castilla y León;2018-2019;3 años;Hombres;20,7
Castilla y León;2018-2019;3 años;Mujeres;18,6
Castilla y León;2018-2019;4 años;AMBOS SEXOS;6,4
Castilla y León;2018-2019;4 años;Hombres;6,8
Castilla y León;2018-2019;4 años;Mujeres;5,9
Castilla y León;2017-2018;TOTAL;AMBOS SEXOS;59,7
Castilla y León;2017-2018;TOTAL;Hombres;55,3
Castilla y León;2017-2018;TOTAL;Mujeres;65,5
Castilla y León;2017-2018;2 años;AMBOS SEXOS;40,6
Castilla y León;2017-2018;2 años;Hombres;35,4
Castilla y León;2017-2018;2 años;Mujeres;47,6
Castilla y León;2017-2018;3 años;AMBOS SEXOS;11,8
Castilla y León;2017-2018;3 años;Hombres;11,9
Castilla y León;2017-2018;3 años;Mujeres;11,7
Castilla y León;2017-2018;4 años;AMBOS SEXOS;7,3
Castilla y León;2017-2018;4 años;Hombres;8,0
Castilla y León;2017-2018;4 años;Mujeres;6,3
Castilla y León;2016-2017 (1);TOTAL;AMBOS SEXOS;56,7
Castilla y León;2016-2017 (1);TOTAL;Hombres;53,7
Castilla y León;2016-2017 (1);TOTAL;Mujeres;60,5
Castilla y León;2016-2017 (1);2 años;AMBOS SEXOS;37,4
Castilla y León;2016-2017 (1);2 años;Hombres;33,0
Castilla y León;2016-2017 (1);2 años;Mujeres;43,0
Castilla y León;2016-2017 (1);3 años;AMBOS SEXOS;14,7
Castilla y León;2016-2017 (1);3 años;Hombres;15,5
Castilla y León;2016-2017 (1);3 años;Mujeres;13,7
Castilla y León;2016-2017 (1);4 años;AMBOS SEXOS;4,6
Castilla y León;2016-2017 (1);4 años;Hombres;5,2
Castilla y León;2016-2017 (1);4 años;Mujeres;3,8
Castilla-La Mancha;2021-2022;TOTAL;AMBOS SEXOS;..
Castilla-La Mancha;2021-2022;TOTAL;Hombres;..
Castilla-La Mancha;2021-2022;TOTAL;Mujeres;..
Castilla-La Mancha;2021-2022;2 años;AMBOS SEXOS;49,3
Castilla-La Mancha;2021-2022;2 años;Hombres;43,0
Castilla-La Mancha;2021-2022;2 años;Mujeres;58,1
Castilla-La Mancha;2021-2022;3 años;AMBOS SEXOS;..
Castilla-La Mancha;2021-2022;3 años;Hombres;..
Castilla-La Mancha;2021-2022;3 años;Mujeres;..
Castilla-La Mancha;2021-2022;4 años;AMBOS SEXOS;..
Castilla-La Mancha;2021-2022;4 años;Hombres;..
Castilla-La Mancha;2021-2022;4 años;Mujeres;..
Castilla-La Mancha;2020-2021;TOTAL;AMBOS SEXOS;..
Castilla-La Mancha;2020-2021;TOTAL;Hombres;..
Castilla-La Mancha;2020-2021;TOTAL;Mujeres;..
Castilla-La Mancha;2020-2021;2 años;AMBOS SEXOS;46,6
Castilla-La Mancha;2020-2021;2 años;Hombres;41,3
Castilla-La Mancha;2020-2021;2 años;Mujeres;54,0
Castilla-La Mancha;2020-2021;3 años;AMBOS SEXOS;13,6
Castilla-La Mancha;2020-2021;3 años;Hombres;13,5
Castilla-La Mancha;2020-2021;3 años;Mujeres;13,7
Castilla-La Mancha;2020-2021;4 años;AMBOS SEXOS;..
Castilla-La Mancha;2020-2021;4 años;Hombres;..
Castilla-La Mancha;2020-2021;4 años;Mujeres;..
Castilla-La Mancha;2019-2020;TOTAL;AMBOS SEXOS;72,1
Castilla-La Mancha;2019-2020;TOTAL;Hombres;66,9
Castilla-La Mancha;2019-2020;TOTAL;Mujeres;79,5
Castilla-La Mancha;2019-2020;2 años;AMBOS SEXOS;52,6
Castilla-La Mancha;2019-2020;2 años;Hombres;45,3
Castilla-La Mancha;2019-2020;2 años;Mujeres;63,0
Castilla-La Mancha;2019-2020;3 años;AMBOS SEXOS;15,1
Castilla-La Mancha;2019-2020;3 años;Hombres;16,6
Castilla-La Mancha;2019-2020;3 años;Mujeres;12,9
Castilla-La Mancha;2019-2020;4 años;AMBOS SEXOS;4,5
Castilla-La Mancha;2019-2020;4 años;Hombres;5,0
Castilla-La Mancha;2019-2020;4 años;Mujeres;3,6
Castilla-La Mancha;2018-2019;TOTAL;AMBOS SEXOS;63,7
Castilla-La Mancha;2018-2019;TOTAL;Hombres;59,8
Castilla-La Mancha;2018-2019;TOTAL;Mujeres;68,8
Castilla-La Mancha;2018-2019;2 años;AMBOS SEXOS;38,9
Castilla-La Mancha;2018-2019;2 años;Hombres;34,6
Castilla-La Mancha;2018-2019;2 años;Mujeres;44,3
Castilla-La Mancha;2018-2019;3 años;AMBOS SEXOS;19,4
Castilla-La Mancha;2018-2019;3 años;Hombres;19,1
Castilla-La Mancha;2018-2019;3 años;Mujeres;19,7
Castilla-La Mancha;2018-2019;4 años;AMBOS SEXOS;5,5
Castilla-La Mancha;2018-2019;4 años;Hombres;6,1
Castilla-La Mancha;2018-2019;4 años;Mujeres;4,8
Castilla-La Mancha;2017-2018;TOTAL;AMBOS SEXOS;62,8
Castilla-La Mancha;2017-2018;TOTAL;Hombres;58,7
Castilla-La Mancha;2017-2018;TOTAL;Mujeres;68,4
Castilla-La Mancha;2017-2018;2 años;AMBOS SEXOS;41,8
Castilla-La Mancha;2017-2018;2 años;Hombres;37,0
Castilla-La Mancha;2017-2018;2 años;Mujeres;48,2
Castilla-La Mancha;2017-2018;3 años;AMBOS SEXOS;13,6
Castilla-La Mancha;2017-2018;3 años;Hombres;13,9
Castilla-La Mancha;2017-2018;3 años;Mujeres;13,1
Castilla-La Mancha;2017-2018;4 años;AMBOS SEXOS;7,5
Castilla-La Mancha;2017-2018;4 años;Hombres;7,8
Castilla-La Mancha;2017-2018;4 años;Mujeres;7,1
Castilla-La Mancha;2016-2017 (1);TOTAL;AMBOS SEXOS;60,3
Castilla-La Mancha;2016-2017 (1);TOTAL;Hombres;55,5
Castilla-La Mancha;2016-2017 (1);TOTAL;Mujeres;66,1
Castilla-La Mancha;2016-2017 (1);2 años;AMBOS SEXOS;41,1
Castilla-La Mancha;2016-2017 (1);2 años;Hombres;36,1
Castilla-La Mancha;2016-2017 (1);2 años;Mujeres;47,3
Castilla-La Mancha;2016-2017 (1);3 años;AMBOS SEXOS;13,6
Castilla-La Mancha;2016-2017 (1);3 años;Hombres;14,1
Castilla-La Mancha;2016-2017 (1);3 años;Mujeres;13,1
Castilla-La Mancha;2016-2017 (1);4 años;AMBOS SEXOS;5,5
Castilla-La Mancha;2016-2017 (1);4 años;Hombres;5,3
Castilla-La Mancha;2016-2017 (1);4 años;Mujeres;5,8
Cataluña;2021-2022;TOTAL;AMBOS SEXOS;..
Cataluña;2021-2022;TOTAL;Hombres;..
Cataluña;2021-2022;TOTAL;Mujeres;..
Cataluña;2021-2022;2 años;AMBOS SEXOS;64,4
Cataluña;2021-2022;2 años;Hombres;59,4
Cataluña;2021-2022;2 años;Mujeres;69,3
Cataluña;2021-2022;3 años;AMBOS SEXOS;..
Cataluña;2021-2022;3 años;Hombres;..
Cataluña;2021-2022;3 años;Mujeres;..
Cataluña;2021-2022;4 años;AMBOS SEXOS;..
Cataluña;2021-2022;4 años;Hombres;..
Cataluña;2021-2022;4 años;Mujeres;..
Cataluña;2020-2021;TOTAL;AMBOS SEXOS;..
Cataluña;2020-2021;TOTAL;Hombres;..
Cataluña;2020-2021;TOTAL;Mujeres;..
Cataluña;2020-2021;2 años;AMBOS SEXOS;55,0
Cataluña;2020-2021;2 años;Hombres;49,6
Cataluña;2020-2021;2 años;Mujeres;62,6
Cataluña;2020-2021;3 años;AMBOS SEXOS;9,3
Cataluña;2020-2021;3 años;Hombres;9,8
Cataluña;2020-2021;3 años;Mujeres;8,6
Cataluña;2020-2021;4 años;AMBOS SEXOS;..
Cataluña;2020-2021;4 años;Hombres;..
Cataluña;2020-2021;4 años;Mujeres;..
Cataluña;2019-2020;TOTAL;AMBOS SEXOS;67,5
Cataluña;2019-2020;TOTAL;Hombres;63,7
Cataluña;2019-2020;TOTAL;Mujeres;72,9
Cataluña;2019-2020;2 años;AMBOS SEXOS;54,0
Cataluña;2019-2020;2 años;Hombres;48,9
Cataluña;2019-2020;2 años;Mujeres;61,2
Cataluña;2019-2020;3 años;AMBOS SEXOS;10,4
Cataluña;2019-2020;3 años;Hombres;11,1
Cataluña;2019-2020;3 años;Mujeres;9,3
Cataluña;2019-2020;4 años;AMBOS SEXOS;3,2
Cataluña;2019-2020;4 años;Hombres;3,7
Cataluña;2019-2020;4 años;Mujeres;2,4
Cataluña;2018-2019;TOTAL;AMBOS SEXOS;65,6
Cataluña;2018-2019;TOTAL;Hombres;61,2
Cataluña;2018-2019;TOTAL;Mujeres;71,9
Cataluña;2018-2019;2 años;AMBOS SEXOS;50,8
Cataluña;2018-2019;2 años;Hombres;46,0
Cataluña;2018-2019;2 años;Mujeres;57,7
Cataluña;2018-2019;3 años;AMBOS SEXOS;11,2
Cataluña;2018-2019;3 años;Hombres;11,2
Cataluña;2018-2019;3 años;Mujeres;11,2
Cataluña;2018-2019;4 años;AMBOS SEXOS;3,6
Cataluña;2018-2019;4 años;Hombres;4,0
Cataluña;2018-2019;4 años;Mujeres;3,0
Cataluña;2017-2018;TOTAL;AMBOS SEXOS;63,1
Cataluña;2017-2018;TOTAL;Hombres;58,6
Cataluña;2017-2018;TOTAL;Mujeres;69,4
Cataluña;2017-2018;2 años;AMBOS SEXOS;46,3
Cataluña;2017-2018;2 años;Hombres;40,9
Cataluña;2017-2018;2 años;Mujeres;53,9
Cataluña;2017-2018;3 años;AMBOS SEXOS;13,2
Cataluña;2017-2018;3 años;Hombres;13,7
Cataluña;2017-2018;3 años;Mujeres;12,6
Cataluña;2017-2018;4 años;AMBOS SEXOS;3,6
Cataluña;2017-2018;4 años;Hombres;4,1
Cataluña;2017-2018;4 años;Mujeres;3,0
Cataluña;2016-2017 (1);TOTAL;AMBOS SEXOS;61,2
Cataluña;2016-2017 (1);TOTAL;Hombres;57,3
Cataluña;2016-2017 (1);TOTAL;Mujeres;66,5
Cataluña;2016-2017 (1);2 años;AMBOS SEXOS;44,0
Cataluña;2016-2017 (1);2 años;Hombres;38,6
Cataluña;2016-2017 (1);2 años;Mujeres;51,3
Cataluña;2016-2017 (1);3 años;AMBOS SEXOS;12,4
Cataluña;2016-2017 (1);3 años;Hombres;13,0
Cataluña;2016-2017 (1);3 años;Mujeres;11,6
Cataluña;2016-2017 (1);4 años;AMBOS SEXOS;4,8
Cataluña;2016-2017 (1);4 años;Hombres;5,7
Cataluña;2016-2017 (1);4 años;Mujeres;3,6
Comunitat Valenciana;2021-2022;TOTAL;AMBOS SEXOS;..
Comunitat Valenciana;2021-2022;TOTAL;Hombres;..
Comunitat Valenciana;2021-2022;TOTAL;Mujeres;..
Comunitat Valenciana;2021-2022;2 años;AMBOS SEXOS;52,9
Comunitat Valenciana;2021-2022;2 años;Hombres;45,5
Comunitat Valenciana;2021-2022;2 años;Mujeres;62,0
Comunitat Valenciana;2021-2022;3 años;AMBOS SEXOS;..
Comunitat Valenciana;2021-2022;3 años;Hombres;..
Comunitat Valenciana;2021-2022;3 años;Mujeres;..
Comunitat Valenciana;2021-2022;4 años;AMBOS SEXOS;..
Comunitat Valenciana;2021-2022;4 años;Hombres;..
Comunitat Valenciana;2021-2022;4 años;Mujeres;..
Comunitat Valenciana;2020-2021;TOTAL;AMBOS SEXOS;..
Comunitat Valenciana;2020-2021;TOTAL;Hombres;..
Comunitat Valenciana;2020-2021;TOTAL;Mujeres;..
Comunitat Valenciana;2020-2021;2 años;AMBOS SEXOS;54,0
Comunitat Valenciana;2020-2021;2 años;Hombres;47,7
Comunitat Valenciana;2020-2021;2 años;Mujeres;62,7
Comunitat Valenciana;2020-2021;3 años;AMBOS SEXOS;10,7
Comunitat Valenciana;2020-2021;3 años;Hombres;11,9
Comunitat Valenciana;2020-2021;3 años;Mujeres;9,1
Comunitat Valenciana;2020-2021;4 años;AMBOS SEXOS;..
Comunitat Valenciana;2020-2021;4 años;Hombres;..
Comunitat Valenciana;2020-2021;4 años;Mujeres;..
Comunitat Valenciana;2019-2020;TOTAL;AMBOS SEXOS;69,7
Comunitat Valenciana;2019-2020;TOTAL;Hombres;64,7
Comunitat Valenciana;2019-2020;TOTAL;Mujeres;76,5
Comunitat Valenciana;2019-2020;2 años;AMBOS SEXOS;54,2
Comunitat Valenciana;2019-2020;2 años;Hombres;47,5
Comunitat Valenciana;2019-2020;2 años;Mujeres;63,3
Comunitat Valenciana;2019-2020;3 años;AMBOS SEXOS;11,7
Comunitat Valenciana;2019-2020;3 años;Hombres;12,9
Comunitat Valenciana;2019-2020;3 años;Mujeres;10,1
Comunitat Valenciana;2019-2020;4 años;AMBOS SEXOS;3,8
Comunitat Valenciana;2019-2020;4 años;Hombres;4,4
Comunitat Valenciana;2019-2020;4 años;Mujeres;3,1
Comunitat Valenciana;2018-2019;TOTAL;AMBOS SEXOS;68,4
Comunitat Valenciana;2018-2019;TOTAL;Hombres;63,6
Comunitat Valenciana;2018-2019;TOTAL;Mujeres;74,7
Comunitat Valenciana;2018-2019;2 años;AMBOS SEXOS;50,3
Comunitat Valenciana;2018-2019;2 años;Hombres;44,7
Comunitat Valenciana;2018-2019;2 años;Mujeres;57,8
Comunitat Valenciana;2018-2019;3 años;AMBOS SEXOS;14,0
Comunitat Valenciana;2018-2019;3 años;Hombres;14,2
Comunitat Valenciana;2018-2019;3 años;Mujeres;13,7
Comunitat Valenciana;2018-2019;4 años;AMBOS SEXOS;4,0
Comunitat Valenciana;2018-2019;4 años;Hombres;4,6
Comunitat Valenciana;2018-2019;4 años;Mujeres;3,2
Comunitat Valenciana;2017-2018;TOTAL;AMBOS SEXOS;66,4
Comunitat Valenciana;2017-2018;TOTAL;Hombres;61,3
Comunitat Valenciana;2017-2018;TOTAL;Mujeres;73,1
Comunitat Valenciana;2017-2018;2 años;AMBOS SEXOS;50,5
Comunitat Valenciana;2017-2018;2 años;Hombres;43,8
Comunitat Valenciana;2017-2018;2 años;Mujeres;59,4
Comunitat Valenciana;2017-2018;3 años;AMBOS SEXOS;11,7
Comunitat Valenciana;2017-2018;3 años;Hombres;12,8
Comunitat Valenciana;2017-2018;3 años;Mujeres;10,3
Comunitat Valenciana;2017-2018;4 años;AMBOS SEXOS;4,2
Comunitat Valenciana;2017-2018;4 años;Hombres;4,7
Comunitat Valenciana;2017-2018;4 años;Mujeres;3,4
Comunitat Valenciana;2016-2017 (1);TOTAL;AMBOS SEXOS;63,5
Comunitat Valenciana;2016-2017 (1);TOTAL;Hombres;58,6
Comunitat Valenciana;2016-2017 (1);TOTAL;Mujeres;70,5
Comunitat Valenciana;2016-2017 (1);2 años;AMBOS SEXOS;49,8
Comunitat Valenciana;2016-2017 (1);2 años;Hombres;43,2
Comunitat Valenciana;2016-2017 (1);2 años;Mujeres;59,1
Comunitat Valenciana;2016-2017 (1);3 años;AMBOS SEXOS;10,6
Comunitat Valenciana;2016-2017 (1);3 años;Hombres;11,9
Comunitat Valenciana;2016-2017 (1);3 años;Mujeres;8,8
Comunitat Valenciana;2016-2017 (1);4 años;AMBOS SEXOS;3,1
Comunitat Valenciana;2016-2017 (1);4 años;Hombres;3,5
Comunitat Valenciana;2016-2017 (1);4 años;Mujeres;2,6
Extremadura;2021-2022;TOTAL;AMBOS SEXOS;..
Extremadura;2021-2022;TOTAL;Hombres;..
Extremadura;2021-2022;TOTAL;Mujeres;..
Extremadura;2021-2022;2 años;AMBOS SEXOS;54,2
Extremadura;2021-2022;2 años;Hombres;46,8
Extremadura;2021-2022;2 años;Mujeres;63,9
Extremadura;2021-2022;3 años;AMBOS SEXOS;..
Extremadura;2021-2022;3 años;Hombres;..
Extremadura;2021-2022;3 años;Mujeres;..
Extremadura;2021-2022;4 años;AMBOS SEXOS;..
Extremadura;2021-2022;4 años;Hombres;..
Extremadura;2021-2022;4 años;Mujeres;..
Extremadura;2020-2021;TOTAL;AMBOS SEXOS;..
Extremadura;2020-2021;TOTAL;Hombres;..
Extremadura;2020-2021;TOTAL;Mujeres;..
Extremadura;2020-2021;2 años;AMBOS SEXOS;51,6
Extremadura;2020-2021;2 años;Hombres;46,3
Extremadura;2020-2021;2 años;Mujeres;58,3
Extremadura;2020-2021;3 años;AMBOS SEXOS;15,6
Extremadura;2020-2021;3 años;Hombres;15,8
Extremadura;2020-2021;3 años;Mujeres;15,4
Extremadura;2020-2021;4 años;AMBOS SEXOS;..
Extremadura;2020-2021;4 años;Hombres;..
Extremadura;2020-2021;4 años;Mujeres;..
Extremadura;2019-2020;TOTAL;AMBOS SEXOS;76,3
Extremadura;2019-2020;TOTAL;Hombres;71,3
Extremadura;2019-2020;TOTAL;Mujeres;82,1
Extremadura;2019-2020;2 años;AMBOS SEXOS;55,3
Extremadura;2019-2020;2 años;Hombres;48,5
Extremadura;2019-2020;2 años;Mujeres;63,1
Extremadura;2019-2020;3 años;AMBOS SEXOS;16,3
Extremadura;2019-2020;3 años;Hombres;17,5
Extremadura;2019-2020;3 años;Mujeres;15,0
Extremadura;2019-2020;4 años;AMBOS SEXOS;4,7
Extremadura;2019-2020;4 años;Hombres;5,3
Extremadura;2019-2020;4 años;Mujeres;4,0
Extremadura;2018-2019;TOTAL;AMBOS SEXOS;77,8
Extremadura;2018-2019;TOTAL;Hombres;74,0
Extremadura;2018-2019;TOTAL;Mujeres;82,3
Extremadura;2018-2019;2 años;AMBOS SEXOS;47,9
Extremadura;2018-2019;2 años;Hombres;42,2
Extremadura;2018-2019;2 años;Mujeres;54,6
Extremadura;2018-2019;3 años;AMBOS SEXOS;24,2
Extremadura;2018-2019;3 años;Hombres;25,2
Extremadura;2018-2019;3 años;Mujeres;23,1
Extremadura;2018-2019;4 años;AMBOS SEXOS;5,7
Extremadura;2018-2019;4 años;Hombres;6,6
Extremadura;2018-2019;4 años;Mujeres;4,6
Extremadura;2017-2018;TOTAL;AMBOS SEXOS;75,5
Extremadura;2017-2018;TOTAL;Hombres;70,6
Extremadura;2017-2018;TOTAL;Mujeres;81,5
Extremadura;2017-2018;2 años;AMBOS SEXOS;54,3
Extremadura;2017-2018;2 años;Hombres;47,6
Extremadura;2017-2018;2 años;Mujeres;62,4
Extremadura;2017-2018;3 años;AMBOS SEXOS;15,4
Extremadura;2017-2018;3 años;Hombres;16,3
Extremadura;2017-2018;3 años;Mujeres;14,2
Extremadura;2017-2018;4 años;AMBOS SEXOS;5,9
Extremadura;2017-2018;4 años;Hombres;6,7
Extremadura;2017-2018;4 años;Mujeres;4,9
Extremadura;2016-2017 (1);TOTAL;AMBOS SEXOS;71,3
Extremadura;2016-2017 (1);TOTAL;Hombres;63,4
Extremadura;2016-2017 (1);TOTAL;Mujeres;80,5
Extremadura;2016-2017 (1);2 años;AMBOS SEXOS;51,0
Extremadura;2016-2017 (1);2 años;Hombres;42,6
Extremadura;2016-2017 (1);2 años;Mujeres;60,7
Extremadura;2016-2017 (1);3 años;AMBOS SEXOS;15,2
Extremadura;2016-2017 (1);3 años;Hombres;14,8
Extremadura;2016-2017 (1);3 años;Mujeres;15,6
Extremadura;2016-2017 (1);4 años;AMBOS SEXOS;5,2
Extremadura;2016-2017 (1);4 años;Hombres;5,9
Extremadura;2016-2017 (1);4 años;Mujeres;4,2
Galicia;2021-2022;TOTAL;AMBOS SEXOS;..
Galicia;2021-2022;TOTAL;Hombres;..
Galicia;2021-2022;TOTAL;Mujeres;..
Galicia;2021-2022;2 años;AMBOS SEXOS;46,0
Galicia;2021-2022;2 años;Hombres;39,9
Galicia;2021-2022;2 años;Mujeres;54,8
Galicia;2021-2022;3 años;AMBOS SEXOS;..
Galicia;2021-2022;3 años;Hombres;..
Galicia;2021-2022;3 años;Mujeres;..
Galicia;2021-2022;4 años;AMBOS SEXOS;..
Galicia;2021-2022;4 años;Hombres;..
Galicia;2021-2022;4 años;Mujeres;..
Galicia;2020-2021;TOTAL;AMBOS SEXOS;..
Galicia;2020-2021;TOTAL;Hombres;..
Galicia;2020-2021;TOTAL;Mujeres;..
Galicia;2020-2021;2 años;AMBOS SEXOS;46,9
Galicia;2020-2021;2 años;Hombres;39,5
Galicia;2020-2021;2 años;Mujeres;58,2
Galicia;2020-2021;3 años;AMBOS SEXOS;15,0
Galicia;2020-2021;3 años;Hombres;17,1
Galicia;2020-2021;3 años;Mujeres;11,8
Galicia;2020-2021;4 años;AMBOS SEXOS;..
Galicia;2020-2021;4 años;Hombres;..
Galicia;2020-2021;4 años;Mujeres;..
Galicia;2019-2020;TOTAL;AMBOS SEXOS;71,4
Galicia;2019-2020;TOTAL;Hombres;67,6
Galicia;2019-2020;TOTAL;Mujeres;77,0
Galicia;2019-2020;2 años;AMBOS SEXOS;50,6
Galicia;2019-2020;2 años;Hombres;43,7
Galicia;2019-2020;2 años;Mujeres;60,8
Galicia;2019-2020;3 años;AMBOS SEXOS;15,8
Galicia;2019-2020;3 años;Hombres;18,2
Galicia;2019-2020;3 años;Mujeres;12,2
Galicia;2019-2020;4 años;AMBOS SEXOS;5,0
Galicia;2019-2020;4 años;Hombres;5,6
Galicia;2019-2020;4 años;Mujeres;4,0
Galicia;2018-2019;TOTAL;AMBOS SEXOS;70,6
Galicia;2018-2019;TOTAL;Hombres;66,9
Galicia;2018-2019;TOTAL;Mujeres;76,2
Galicia;2018-2019;2 años;AMBOS SEXOS;43,2
Galicia;2018-2019;2 años;Hombres;36,5
Galicia;2018-2019;2 años;Mujeres;53,2
Galicia;2018-2019;3 años;AMBOS SEXOS;21,2
Galicia;2018-2019;3 años;Hombres;23,2
Galicia;2018-2019;3 años;Mujeres;18,1
Galicia;2018-2019;4 años;AMBOS SEXOS;6,3
Galicia;2018-2019;4 años;Hombres;7,2
Galicia;2018-2019;4 años;Mujeres;4,9
Galicia;2017-2018;TOTAL;AMBOS SEXOS;69,1
Galicia;2017-2018;TOTAL;Hombres;64,5
Galicia;2017-2018;TOTAL;Mujeres;75,8
Galicia;2017-2018;2 años;AMBOS SEXOS;47,7
Galicia;2017-2018;2 años;Hombres;40,6
Galicia;2017-2018;2 años;Mujeres;57,9
Galicia;2017-2018;3 años;AMBOS SEXOS;14,3
Galicia;2017-2018;3 años;Hombres;15,7
Galicia;2017-2018;3 años;Mujeres;12,2
Galicia;2017-2018;4 años;AMBOS SEXOS;7,1
Galicia;2017-2018;4 años;Hombres;8,1
Galicia;2017-2018;4 años;Mujeres;5,7
Galicia;2016-2017 (1);TOTAL;AMBOS SEXOS;64,2
Galicia;2016-2017 (1);TOTAL;Hombres;59,0
Galicia;2016-2017 (1);TOTAL;Mujeres;71,7
Galicia;2016-2017 (1);2 años;AMBOS SEXOS;43,6
Galicia;2016-2017 (1);2 años;Hombres;36,0
Galicia;2016-2017 (1);2 años;Mujeres;54,5
Galicia;2016-2017 (1);3 años;AMBOS SEXOS;15,3
Galicia;2016-2017 (1);3 años;Hombres;16,4
Galicia;2016-2017 (1);3 años;Mujeres;13,8
Galicia;2016-2017 (1);4 años;AMBOS SEXOS;5,3
Galicia;2016-2017 (1);4 años;Hombres;6,6
Galicia;2016-2017 (1);4 años;Mujeres;3,5
Madrid, Comunidad de;2021-2022;TOTAL;AMBOS SEXOS;..
Madrid, Comunidad de;2021-2022;TOTAL;Hombres;..
Madrid, Comunidad de;2021-2022;TOTAL;Mujeres;..
Madrid, Comunidad de;2021-2022;2 años;AMBOS SEXOS;51,0
Madrid, Comunidad de;2021-2022;2 años;Hombres;47,4
Madrid, Comunidad de;2021-2022;2 años;Mujeres;56,0
Madrid, Comunidad de;2021-2022;3 años;AMBOS SEXOS;..
Madrid, Comunidad de;2021-2022;3 años;Hombres;..
Madrid, Comunidad de;2021-2022;3 años;Mujeres;..
Madrid, Comunidad de;2021-2022;4 años;AMBOS SEXOS;..
Madrid, Comunidad de;2021-2022;4 años;Hombres;..
Madrid, Comunidad de;2021-2022;4 años;Mujeres;..
Madrid, Comunidad de;2020-2021;TOTAL;AMBOS SEXOS;..
Madrid, Comunidad de;2020-2021;TOTAL;Hombres;..
Madrid, Comunidad de;2020-2021;TOTAL;Mujeres;..
Madrid, Comunidad de;2020-2021;2 años;AMBOS SEXOS;46,3
Madrid, Comunidad de;2020-2021;2 años;Hombres;42,4
Madrid, Comunidad de;2020-2021;2 años;Mujeres;51,5
Madrid, Comunidad de;2020-2021;3 años;AMBOS SEXOS;11,8
Madrid, Comunidad de;2020-2021;3 años;Hombres;12,6
Madrid, Comunidad de;2020-2021;3 años;Mujeres;10,9
Madrid, Comunidad de;2020-2021;4 años;AMBOS SEXOS;..
Madrid, Comunidad de;2020-2021;4 años;Hombres;..
Madrid, Comunidad de;2020-2021;4 años;Mujeres;..
Madrid, Comunidad de;2019-2020;TOTAL;AMBOS SEXOS;64,5
Madrid, Comunidad de;2019-2020;TOTAL;Hombres;61,4
Madrid, Comunidad de;2019-2020;TOTAL;Mujeres;68,6
Madrid, Comunidad de;2019-2020;2 años;AMBOS SEXOS;46,5
Madrid, Comunidad de;2019-2020;2 años;Hombres;41,8
Madrid, Comunidad de;2019-2020;2 años;Mujeres;52,7
Madrid, Comunidad de;2019-2020;3 años;AMBOS SEXOS;14,1
Madrid, Comunidad de;2019-2020;3 años;Hombres;15,1
Madrid, Comunidad de;2019-2020;3 años;Mujeres;12,9
Madrid, Comunidad de;2019-2020;4 años;AMBOS SEXOS;3,9
Madrid, Comunidad de;2019-2020;4 años;Hombres;4,5
Madrid, Comunidad de;2019-2020;4 años;Mujeres;3,0
Madrid, Comunidad de;2018-2019;TOTAL;AMBOS SEXOS;67,1
Madrid, Comunidad de;2018-2019;TOTAL;Hombres;64,0
Madrid, Comunidad de;2018-2019;TOTAL;Mujeres;71,2
Madrid, Comunidad de;2018-2019;2 años;AMBOS SEXOS;46,1
Madrid, Comunidad de;2018-2019;2 años;Hombres;41,1
Madrid, Comunidad de;2018-2019;2 años;Mujeres;52,6
Madrid, Comunidad de;2018-2019;3 años;AMBOS SEXOS;16,6
Madrid, Comunidad de;2018-2019;3 años;Hombres;17,7
Madrid, Comunidad de;2018-2019;3 años;Mujeres;15,3
Madrid, Comunidad de;2018-2019;4 años;AMBOS SEXOS;4,4
Madrid, Comunidad de;2018-2019;4 años;Hombres;5,2
Madrid, Comunidad de;2018-2019;4 años;Mujeres;3,3
Madrid, Comunidad de;2017-2018;TOTAL;AMBOS SEXOS;61,1
Madrid, Comunidad de;2017-2018;TOTAL;Hombres;57,4
Madrid, Comunidad de;2017-2018;TOTAL;Mujeres;66,1
Madrid, Comunidad de;2017-2018;2 años;AMBOS SEXOS;44,3
Madrid, Comunidad de;2017-2018;2 años;Hombres;39,4
Madrid, Comunidad de;2017-2018;2 años;Mujeres;51,0
Madrid, Comunidad de;2017-2018;3 años;AMBOS SEXOS;12,2
Madrid, Comunidad de;2017-2018;3 años;Hombres;13,1
Madrid, Comunidad de;2017-2018;3 años;Mujeres;11,0
Madrid, Comunidad de;2017-2018;4 años;AMBOS SEXOS;4,6
Madrid, Comunidad de;2017-2018;4 años;Hombres;5,0
Madrid, Comunidad de;2017-2018;4 años;Mujeres;4,1
Madrid, Comunidad de;2016-2017 (1);TOTAL;AMBOS SEXOS;57,0
Madrid, Comunidad de;2016-2017 (1);TOTAL;Hombres;53,4
Madrid, Comunidad de;2016-2017 (1);TOTAL;Mujeres;61,8
Madrid, Comunidad de;2016-2017 (1);2 años;AMBOS SEXOS;42,5
Madrid, Comunidad de;2016-2017 (1);2 años;Hombres;37,9
Madrid, Comunidad de;2016-2017 (1);2 años;Mujeres;48,5
Madrid, Comunidad de;2016-2017 (1);3 años;AMBOS SEXOS;11,1
Madrid, Comunidad de;2016-2017 (1);3 años;Hombres;11,8
Madrid, Comunidad de;2016-2017 (1);3 años;Mujeres;10,2
Madrid, Comunidad de;2016-2017 (1);4 años;AMBOS SEXOS;3,4
Madrid, Comunidad de;2016-2017 (1);4 años;Hombres;3,7
Madrid, Comunidad de;2016-2017 (1);4 años;Mujeres;3,1
Murcia (Región de);2021-2022;TOTAL;AMBOS SEXOS;..
Murcia (Región de);2021-2022;TOTAL;Hombres;..
Murcia (Región de);2021-2022;TOTAL;Mujeres;..
Murcia (Región de);2021-2022;2 años;AMBOS SEXOS;53,4
Murcia (Región de);2021-2022;2 años;Hombres;46,5
Murcia (Región de);2021-2022;2 años;Mujeres;62,7
Murcia (Región de);2021-2022;3 años;AMBOS SEXOS;..
Murcia (Región de);2021-2022;3 años;Hombres;..
Murcia (Región de);2021-2022;3 años;Mujeres;..
Murcia (Región de);2021-2022;4 años;AMBOS SEXOS;..
Murcia (Región de);2021-2022;4 años;Hombres;..
Murcia (Región de);2021-2022;4 años;Mujeres;..
Murcia (Región de);2020-2021;TOTAL;AMBOS SEXOS;..
Murcia (Región de);2020-2021;TOTAL;Hombres;..
Murcia (Región de);2020-2021;TOTAL;Mujeres;..
Murcia (Región de);2020-2021;2 años;AMBOS SEXOS;45,1
Murcia (Región de);2020-2021;2 años;Hombres;40,0
Murcia (Región de);2020-2021;2 años;Mujeres;52,5
Murcia (Región de);2020-2021;3 años;AMBOS SEXOS;13,3
Murcia (Región de);2020-2021;3 años;Hombres;13,9
Murcia (Región de);2020-2021;3 años;Mujeres;12,5
Murcia (Región de);2020-2021;4 años;AMBOS SEXOS;..
Murcia (Región de);2020-2021;4 años;Hombres;..
Murcia (Región de);2020-2021;4 años;Mujeres;..
Murcia (Región de);2019-2020;TOTAL;AMBOS SEXOS;63,4
Murcia (Región de);2019-2020;TOTAL;Hombres;58,3
Murcia (Región de);2019-2020;TOTAL;Mujeres;70,1
Murcia (Región de);2019-2020;2 años;AMBOS SEXOS;46,2
Murcia (Región de);2019-2020;2 años;Hombres;40,6
Murcia (Región de);2019-2020;2 años;Mujeres;53,5
Murcia (Región de);2019-2020;3 años;AMBOS SEXOS;12,7
Murcia (Región de);2019-2020;3 años;Hombres;13,2
Murcia (Región de);2019-2020;3 años;Mujeres;12,1
Murcia (Región de);2019-2020;4 años;AMBOS SEXOS;4,6
Murcia (Región de);2019-2020;4 años;Hombres;4,5
Murcia (Región de);2019-2020;4 años;Mujeres;4,6
Murcia (Región de);2018-2019;TOTAL;AMBOS SEXOS;61,7
Murcia (Región de);2018-2019;TOTAL;Hombres;56,9
Murcia (Región de);2018-2019;TOTAL;Mujeres;68,1
Murcia (Región de);2018-2019;2 años;AMBOS SEXOS;39,1
Murcia (Región de);2018-2019;2 años;Hombres;33,3
Murcia (Región de);2018-2019;2 años;Mujeres;46,7
Murcia (Región de);2018-2019;3 años;AMBOS SEXOS;18,2
Murcia (Región de);2018-2019;3 años;Hombres;18,7
Murcia (Región de);2018-2019;3 años;Mujeres;17,5
Murcia (Región de);2018-2019;4 años;AMBOS SEXOS;4,5
Murcia (Región de);2018-2019;4 años;Hombres;4,9
Murcia (Región de);2018-2019;4 años;Mujeres;3,9
Murcia (Región de);2017-2018;TOTAL;AMBOS SEXOS;60,2
Murcia (Región de);2017-2018;TOTAL;Hombres;57,8
Murcia (Región de);2017-2018;TOTAL;Mujeres;63,1
Murcia (Región de);2017-2018;2 años;AMBOS SEXOS;44,0
Murcia (Región de);2017-2018;2 años;Hombres;40,6
Murcia (Región de);2017-2018;2 años;Mujeres;48,1
Murcia (Región de);2017-2018;3 años;AMBOS SEXOS;11,1
Murcia (Región de);2017-2018;3 años;Hombres;11,5
Murcia (Región de);2017-2018;3 años;Mujeres;10,6
Murcia (Región de);2017-2018;4 años;AMBOS SEXOS;5,1
Murcia (Región de);2017-2018;4 años;Hombres;5,7
Murcia (Región de);2017-2018;4 años;Mujeres;4,3
Murcia (Región de);2016-2017 (1);TOTAL;AMBOS SEXOS;..
Murcia (Región de);2016-2017 (1);TOTAL;Hombres;..
Murcia (Región de);2016-2017 (1);TOTAL;Mujeres;..
Murcia (Región de);2016-2017 (1);2 años;AMBOS SEXOS;..
Murcia (Región de);2016-2017 (1);2 años;Hombres;..
Murcia (Región de);2016-2017 (1);2 años;Mujeres;..
Murcia (Región de);2016-2017 (1);3 años;AMBOS SEXOS;..
Murcia (Región de);2016-2017 (1);3 años;Hombres;..
Murcia (Región de);2016-2017 (1);3 años;Mujeres;..
Murcia (Región de);2016-2017 (1);4 años;AMBOS SEXOS;..
Murcia (Región de);2016-2017 (1);4 años;Hombres;..
Murcia (Región de);2016-2017 (1);4 años;Mujeres;..
Navarra, Comunidad Foral de;2021-2022;TOTAL;AMBOS SEXOS;..
Navarra, Comunidad Foral de;2021-2022;TOTAL;Hombres;..
Navarra, Comunidad Foral de;2021-2022;TOTAL;Mujeres;..
Navarra, Comunidad Foral de;2021-2022;2 años;AMBOS SEXOS;54,7
Navarra, Comunidad Foral de;2021-2022;2 años;Hombres;46,6
Navarra, Comunidad Foral de;2021-2022;2 años;Mujeres;68,0
Navarra, Comunidad Foral de;2021-2022;3 años;AMBOS SEXOS;..
Navarra, Comunidad Foral de;2021-2022;3 años;Hombres;..
Navarra, Comunidad Foral de;2021-2022;3 años;Mujeres;..
Navarra, Comunidad Foral de;2021-2022;4 años;AMBOS SEXOS;..
Navarra, Comunidad Foral de;2021-2022;4 años;Hombres;..
Navarra, Comunidad Foral de;2021-2022;4 años;Mujeres;..
Navarra, Comunidad Foral de;2020-2021;TOTAL;AMBOS SEXOS;..
Navarra, Comunidad Foral de;2020-2021;TOTAL;Hombres;..
Navarra, Comunidad Foral de;2020-2021;TOTAL;Mujeres;..
Navarra, Comunidad Foral de;2020-2021;2 años;AMBOS SEXOS;62,7
Navarra, Comunidad Foral de;2020-2021;2 años;Hombres;57,2
Navarra, Comunidad Foral de;2020-2021;2 años;Mujeres;72,1
Navarra, Comunidad Foral de;2020-2021;3 años;AMBOS SEXOS;11,5
Navarra, Comunidad Foral de;2020-2021;3 años;Hombres;13,4
Navarra, Comunidad Foral de;2020-2021;3 años;Mujeres;8,2
Navarra, Comunidad Foral de;2020-2021;4 años;AMBOS SEXOS;..
Navarra, Comunidad Foral de;2020-2021;4 años;Hombres;..
Navarra, Comunidad Foral de;2020-2021;4 años;Mujeres;..
Navarra, Comunidad Foral de;2019-2020;TOTAL;AMBOS SEXOS;78,4
Navarra, Comunidad Foral de;2019-2020;TOTAL;Hombres;74,1
Navarra, Comunidad Foral de;2019-2020;TOTAL;Mujeres;85,1
Navarra, Comunidad Foral de;2019-2020;2 años;AMBOS SEXOS;62,3
Navarra, Comunidad Foral de;2019-2020;2 años;Hombres;55,1
Navarra, Comunidad Foral de;2019-2020;2 años;Mujeres;73,4
Navarra, Comunidad Foral de;2019-2020;3 años;AMBOS SEXOS;12,6
Navarra, Comunidad Foral de;2019-2020;3 años;Hombres;14,7
Navarra, Comunidad Foral de;2019-2020;3 años;Mujeres;9,3
Navarra, Comunidad Foral de;2019-2020;4 años;AMBOS SEXOS;3,5
Navarra, Comunidad Foral de;2019-2020;4 años;Hombres;4,2
Navarra, Comunidad Foral de;2019-2020;4 años;Mujeres;2,4
Navarra, Comunidad Foral de;2018-2019;TOTAL;AMBOS SEXOS;77,4
Navarra, Comunidad Foral de;2018-2019;TOTAL;Hombres;73,8
Navarra, Comunidad Foral de;2018-2019;TOTAL;Mujeres;83,3
Navarra, Comunidad Foral de;2018-2019;2 años;AMBOS SEXOS;55,8
Navarra, Comunidad Foral de;2018-2019;2 años;Hombres;48,4
Navarra, Comunidad Foral de;2018-2019;2 años;Mujeres;67,5
Navarra, Comunidad Foral de;2018-2019;3 años;AMBOS SEXOS;17,9
Navarra, Comunidad Foral de;2018-2019;3 años;Hombres;20,6
Navarra, Comunidad Foral de;2018-2019;3 años;Mujeres;13,7
Navarra, Comunidad Foral de;2018-2019;4 años;AMBOS SEXOS;3,8
Navarra, Comunidad Foral de;2018-2019;4 años;Hombres;4,8
Navarra, Comunidad Foral de;2018-2019;4 años;Mujeres;2,1
Navarra, Comunidad Foral de;2017-2018;TOTAL;AMBOS SEXOS;76,1
Navarra, Comunidad Foral de;2017-2018;TOTAL;Hombres;72,9
Navarra, Comunidad Foral de;2017-2018;TOTAL;Mujeres;81,5
Navarra, Comunidad Foral de;2017-2018;2 años;AMBOS SEXOS;51,5
Navarra, Comunidad Foral de;2017-2018;2 años;Hombres;45,7
Navarra, Comunidad Foral de;2017-2018;2 años;Mujeres;61,3
Navarra, Comunidad Foral de;2017-2018;3 años;AMBOS SEXOS;18,8
Navarra, Comunidad Foral de;2017-2018;3 años;Hombres;19,1
Navarra, Comunidad Foral de;2017-2018;3 años;Mujeres;18,3
Navarra, Comunidad Foral de;2017-2018;4 años;AMBOS SEXOS;5,8
Navarra, Comunidad Foral de;2017-2018;4 años;Hombres;8,1
Navarra, Comunidad Foral de;2017-2018;4 años;Mujeres;1,9
Navarra, Comunidad Foral de;2016-2017 (1);TOTAL;AMBOS SEXOS;74,8
Navarra, Comunidad Foral de;2016-2017 (1);TOTAL;Hombres;71,1
Navarra, Comunidad Foral de;2016-2017 (1);TOTAL;Mujeres;81,0
Navarra, Comunidad Foral de;2016-2017 (1);2 años;AMBOS SEXOS;52,3
Navarra, Comunidad Foral de;2016-2017 (1);2 años;Hombres;46,4
Navarra, Comunidad Foral de;2016-2017 (1);2 años;Mujeres;62,2
Navarra, Comunidad Foral de;2016-2017 (1);3 años;AMBOS SEXOS;16,9
Navarra, Comunidad Foral de;2016-2017 (1);3 años;Hombres;17,4
Navarra, Comunidad Foral de;2016-2017 (1);3 años;Mujeres;16,1
Navarra, Comunidad Foral de;2016-2017 (1);4 años;AMBOS SEXOS;5,6
Navarra, Comunidad Foral de;2016-2017 (1);4 años;Hombres;7,3
Navarra, Comunidad Foral de;2016-2017 (1);4 años;Mujeres;2,7
País Vasco;2021-2022;TOTAL;AMBOS SEXOS;..
País Vasco;2021-2022;TOTAL;Hombres;..
País Vasco;2021-2022;TOTAL;Mujeres;..
País Vasco;2021-2022;2 años;AMBOS SEXOS;53,8
País Vasco;2021-2022;2 años;Hombres;49,7
País Vasco;2021-2022;2 años;Mujeres;61,5
País Vasco;2021-2022;3 años;AMBOS SEXOS;..
País Vasco;2021-2022;3 años;Hombres;..
País Vasco;2021-2022;3 años;Mujeres;..
País Vasco;2021-2022;4 años;AMBOS SEXOS;..
País Vasco;2021-2022;4 años;Hombres;..
País Vasco;2021-2022;4 años;Mujeres;..
País Vasco;2020-2021;TOTAL;AMBOS SEXOS;..
País Vasco;2020-2021;TOTAL;Hombres;..
País Vasco;2020-2021;TOTAL;Mujeres;..
País Vasco;2020-2021;2 años;AMBOS SEXOS;55,0
País Vasco;2020-2021;2 años;Hombres;50,9
País Vasco;2020-2021;2 años;Mujeres;62,9
País Vasco;2020-2021;3 años;AMBOS SEXOS;13,6
País Vasco;2020-2021;3 años;Hombres;14,7
País Vasco;2020-2021;3 años;Mujeres;11,4
País Vasco;2020-2021;4 años;AMBOS SEXOS;..
País Vasco;2020-2021;4 años;Hombres;..
País Vasco;2020-2021;4 años;Mujeres;..
País Vasco;2019-2020;TOTAL;AMBOS SEXOS;76,9
País Vasco;2019-2020;TOTAL;Hombres;75,2
País Vasco;2019-2020;TOTAL;Mujeres;80,2
País Vasco;2019-2020;2 años;AMBOS SEXOS;58,5
País Vasco;2019-2020;2 años;Hombres;53,8
País Vasco;2019-2020;2 años;Mujeres;67,2
País Vasco;2019-2020;3 años;AMBOS SEXOS;14,6
País Vasco;2019-2020;3 años;Hombres;16,8
País Vasco;2019-2020;3 años;Mujeres;10,5
País Vasco;2019-2020;4 años;AMBOS SEXOS;3,9
País Vasco;2019-2020;4 años;Hombres;4,6
País Vasco;2019-2020;4 años;Mujeres;2,5
País Vasco;2018-2019;TOTAL;AMBOS SEXOS;74,5
País Vasco;2018-2019;TOTAL;Hombres;71,7
País Vasco;2018-2019;TOTAL;Mujeres;79,7
País Vasco;2018-2019;2 años;AMBOS SEXOS;53,4
País Vasco;2018-2019;2 años;Hombres;48,6
País Vasco;2018-2019;2 años;Mujeres;62,1
País Vasco;2018-2019;3 años;AMBOS SEXOS;16,0
País Vasco;2018-2019;3 años;Hombres;16,9
País Vasco;2018-2019;3 años;Mujeres;14,5
País Vasco;2018-2019;4 años;AMBOS SEXOS;5,1
País Vasco;2018-2019;4 años;Hombres;6,2
País Vasco;2018-2019;4 años;Mujeres;3,1
País Vasco;2017-2018;TOTAL;AMBOS SEXOS;73,7
País Vasco;2017-2018;TOTAL;Hombres;71,8
País Vasco;2017-2018;TOTAL;Mujeres;77,3
País Vasco;2017-2018;2 años;AMBOS SEXOS;53,9
País Vasco;2017-2018;2 años;Hombres;49,9
País Vasco;2017-2018;2 años;Mujeres;61,3
País Vasco;2017-2018;3 años;AMBOS SEXOS;14,6
País Vasco;2017-2018;3 años;Hombres;15,9
País Vasco;2017-2018;3 años;Mujeres;12,3
País Vasco;2017-2018;4 años;AMBOS SEXOS;5,2
País Vasco;2017-2018;4 años;Hombres;6,0
País Vasco;2017-2018;4 años;Mujeres;3,6
País Vasco;2016-2017 (1);TOTAL;AMBOS SEXOS;71,8
País Vasco;2016-2017 (1);TOTAL;Hombres;69,2
País Vasco;2016-2017 (1);TOTAL;Mujeres;76,4
País Vasco;2016-2017 (1);2 años;AMBOS SEXOS;53,4
País Vasco;2016-2017 (1);2 años;Hombres;48,8
País Vasco;2016-2017 (1);2 años;Mujeres;61,2
País Vasco;2016-2017 (1);3 años;AMBOS SEXOS;14,2
País Vasco;2016-2017 (1);3 años;Hombres;15,5
País Vasco;2016-2017 (1);3 años;Mujeres;11,9
País Vasco;2016-2017 (1);4 años;AMBOS SEXOS;4,3
País Vasco;2016-2017 (1);4 años;Hombres;4,9
País Vasco;2016-2017 (1);4 años;Mujeres;3,3
Rioja, La;2021-2022;TOTAL;AMBOS SEXOS;..
Rioja, La;2021-2022;TOTAL;Hombres;..
Rioja, La;2021-2022;TOTAL;Mujeres;..
Rioja, La;2021-2022;2 años;AMBOS SEXOS;48,3
Rioja, La;2021-2022;2 años;Hombres;42,3
Rioja, La;2021-2022;2 años;Mujeres;56,2
Rioja, La;2021-2022;3 años;AMBOS SEXOS;..
Rioja, La;2021-2022;3 años;Hombres;..
Rioja, La;2021-2022;3 años;Mujeres;..
Rioja, La;2021-2022;4 años;AMBOS SEXOS;..
Rioja, La;2021-2022;4 años;Hombres;..
Rioja, La;2021-2022;4 años;Mujeres;..
Rioja, La;2020-2021;TOTAL;AMBOS SEXOS;..
Rioja, La;2020-2021;TOTAL;Hombres;..
Rioja, La;2020-2021;TOTAL;Mujeres;..
Rioja, La;2020-2021;2 años;AMBOS SEXOS;46,7
Rioja, La;2020-2021;2 años;Hombres;40,3
Rioja, La;2020-2021;2 años;Mujeres;55,1
Rioja, La;2020-2021;3 años;AMBOS SEXOS;14,8
Rioja, La;2020-2021;3 años;Hombres;16,0
Rioja, La;2020-2021;3 años;Mujeres;13,3
Rioja, La;2020-2021;4 años;AMBOS SEXOS;..
Rioja, La;2020-2021;4 años;Hombres;..
Rioja, La;2020-2021;4 años;Mujeres;..
Rioja, La;2019-2020;TOTAL;AMBOS SEXOS;70,9
Rioja, La;2019-2020;TOTAL;Hombres;68,7
Rioja, La;2019-2020;TOTAL;Mujeres;74,0
Rioja, La;2019-2020;2 años;AMBOS SEXOS;51,3
Rioja, La;2019-2020;2 años;Hombres;45,6
Rioja, La;2019-2020;2 años;Mujeres;59,0
Rioja, La;2019-2020;3 años;AMBOS SEXOS;14,6
Rioja, La;2019-2020;3 años;Hombres;16,7
Rioja, La;2019-2020;3 años;Mujeres;11,6
Rioja, La;2019-2020;4 años;AMBOS SEXOS;5,1
Rioja, La;2019-2020;4 años;Hombres;6,4
Rioja, La;2019-2020;4 años;Mujeres;3,3
Rioja, La;2018-2019;TOTAL;AMBOS SEXOS;72,0
Rioja, La;2018-2019;TOTAL;Hombres;69,5
Rioja, La;2018-2019;TOTAL;Mujeres;75,3
Rioja, La;2018-2019;2 años;AMBOS SEXOS;46,6
Rioja, La;2018-2019;2 años;Hombres;42,1
Rioja, La;2018-2019;2 años;Mujeres;52,8
Rioja, La;2018-2019;3 años;AMBOS SEXOS;21,0
Rioja, La;2018-2019;3 años;Hombres;21,7
Rioja, La;2018-2019;3 años;Mujeres;20,0
Rioja, La;2018-2019;4 años;AMBOS SEXOS;4,4
Rioja, La;2018-2019;4 años;Hombres;5,8
Rioja, La;2018-2019;4 años;Mujeres;2,5
Rioja, La;2017-2018;TOTAL;AMBOS SEXOS;65,8
Rioja, La;2017-2018;TOTAL;Hombres;61,3
Rioja, La;2017-2018;TOTAL;Mujeres;71,8
Rioja, La;2017-2018;2 años;AMBOS SEXOS;42,6
Rioja, La;2017-2018;2 años;Hombres;35,5
Rioja, La;2017-2018;2 años;Mujeres;52,2
Rioja, La;2017-2018;3 años;AMBOS SEXOS;16,3
Rioja, La;2017-2018;3 años;Hombres;18,6
Rioja, La;2017-2018;3 años;Mujeres;13,2
Rioja, La;2017-2018;4 años;AMBOS SEXOS;6,9
Rioja, La;2017-2018;4 años;Hombres;7,2
Rioja, La;2017-2018;4 años;Mujeres;6,5
Rioja, La;2016-2017 (1);TOTAL;AMBOS SEXOS;64,5
Rioja, La;2016-2017 (1);TOTAL;Hombres;60,2
Rioja, La;2016-2017 (1);TOTAL;Mujeres;70,1
Rioja, La;2016-2017 (1);2 años;AMBOS SEXOS;40,2
Rioja, La;2016-2017 (1);2 años;Hombres;32,1
Rioja, La;2016-2017 (1);2 años;Mujeres;50,5
Rioja, La;2016-2017 (1);3 años;AMBOS SEXOS;16,6
Rioja, La;2016-2017 (1);3 años;Hombres;17,6
Rioja, La;2016-2017 (1);3 años;Mujeres;15,3
Rioja, La;2016-2017 (1);4 años;AMBOS SEXOS;7,7
Rioja, La;2016-2017 (1);4 años;Hombres;10,4
Rioja, La;2016-2017 (1);4 años;Mujeres;4,3
Ceuta;2021-2022;TOTAL;AMBOS SEXOS;..
Ceuta;2021-2022;TOTAL;Hombres;..
Ceuta;2021-2022;TOTAL;Mujeres;..
Ceuta;2021-2022;2 años;AMBOS SEXOS;34,3
Ceuta;2021-2022;2 años;Hombres;30,4
Ceuta;2021-2022;2 años;Mujeres;38,5
Ceuta;2021-2022;3 años;AMBOS SEXOS;..
Ceuta;2021-2022;3 años;Hombres;..
Ceuta;2021-2022;3 años;Mujeres;..
Ceuta;2021-2022;4 años;AMBOS SEXOS;..
Ceuta;2021-2022;4 años;Hombres;..
Ceuta;2021-2022;4 años;Mujeres;..
Ceuta;2020-2021;TOTAL;AMBOS SEXOS;..
Ceuta;2020-2021;TOTAL;Hombres;..
Ceuta;2020-2021;TOTAL;Mujeres;..
Ceuta;2020-2021;2 años;AMBOS SEXOS;32,7
Ceuta;2020-2021;2 años;Hombres;29,8
Ceuta;2020-2021;2 años;Mujeres;35,4
Ceuta;2020-2021;3 años;AMBOS SEXOS;12,0
Ceuta;2020-2021;3 años;Hombres;9,1
Ceuta;2020-2021;3 años;Mujeres;14,8
Ceuta;2020-2021;4 años;AMBOS SEXOS;..
Ceuta;2020-2021;4 años;Hombres;..
Ceuta;2020-2021;4 años;Mujeres;..
Ceuta;2019-2020;TOTAL;AMBOS SEXOS;41,0
Ceuta;2019-2020;TOTAL;Hombres;36,7
Ceuta;2019-2020;TOTAL;Mujeres;45,5
Ceuta;2019-2020;2 años;AMBOS SEXOS;24,1
Ceuta;2019-2020;2 años;Hombres;17,9
Ceuta;2019-2020;2 años;Mujeres;30,5
Ceuta;2019-2020;3 años;AMBOS SEXOS;12,8
Ceuta;2019-2020;3 años;Hombres;15,0
Ceuta;2019-2020;3 años;Mujeres;10,5
Ceuta;2019-2020;4 años;AMBOS SEXOS;4,2
Ceuta;2019-2020;4 años;Hombres;3,9
Ceuta;2019-2020;4 años;Mujeres;4,5
Ceuta;2018-2019;TOTAL;AMBOS SEXOS;33,3
Ceuta;2018-2019;TOTAL;Hombres;24,4
Ceuta;2018-2019;TOTAL;Mujeres;40,9
Ceuta;2018-2019;2 años;AMBOS SEXOS;19,4
Ceuta;2018-2019;2 años;Hombres;11,4
Ceuta;2018-2019;2 años;Mujeres;26,2
Ceuta;2018-2019;3 años;AMBOS SEXOS;9,3
Ceuta;2018-2019;3 años;Hombres;5,2
Ceuta;2018-2019;3 años;Mujeres;12,9
Ceuta;2018-2019;4 años;AMBOS SEXOS;4,5
Ceuta;2018-2019;4 años;Hombres;7,8
Ceuta;2018-2019;4 años;Mujeres;1,8
Ceuta;2017-2018;TOTAL;AMBOS SEXOS;34,2
Ceuta;2017-2018;TOTAL;Hombres;25,9
Ceuta;2017-2018;TOTAL;Mujeres;40,7
Ceuta;2017-2018;2 años;AMBOS SEXOS;24,8
Ceuta;2017-2018;2 años;Hombres;19,0
Ceuta;2017-2018;2 años;Mujeres;29,4
Ceuta;2017-2018;3 años;AMBOS SEXOS;6,6
Ceuta;2017-2018;3 años;Hombres;3,4
Ceuta;2017-2018;3 años;Mujeres;9,0
Ceuta;2017-2018;4 años;AMBOS SEXOS;2,8
Ceuta;2017-2018;4 años;Hombres;3,4
Ceuta;2017-2018;4 años;Mujeres;2,3
Ceuta;2016-2017 (1);TOTAL;AMBOS SEXOS;32,3
Ceuta;2016-2017 (1);TOTAL;Hombres;29,3
Ceuta;2016-2017 (1);TOTAL;Mujeres;35,8
Ceuta;2016-2017 (1);2 años;AMBOS SEXOS;26,0
Ceuta;2016-2017 (1);2 años;Hombres;22,5
Ceuta;2016-2017 (1);2 años;Mujeres;30,1
Ceuta;2016-2017 (1);3 años;AMBOS SEXOS;4,8
Ceuta;2016-2017 (1);3 años;Hombres;5,0
Ceuta;2016-2017 (1);3 años;Mujeres;4,7
Ceuta;2016-2017 (1);4 años;AMBOS SEXOS;1,4
Ceuta;2016-2017 (1);4 años;Hombres;1,8
Ceuta;2016-2017 (1);4 años;Mujeres;1,0
Melilla;2021-2022;TOTAL;AMBOS SEXOS;..
Melilla;2021-2022;TOTAL;Hombres;..
Melilla;2021-2022;TOTAL;Mujeres;..
Melilla;2021-2022;2 años;AMBOS SEXOS;44,2
Melilla;2021-2022;2 años;Hombres;42,6
Melilla;2021-2022;2 años;Mujeres;45,9
Melilla;2021-2022;3 años;AMBOS SEXOS;..
Melilla;2021-2022;3 años;Hombres;..
Melilla;2021-2022;3 años;Mujeres;..
Melilla;2021-2022;4 años;AMBOS SEXOS;..
Melilla;2021-2022;4 años;Hombres;..
Melilla;2021-2022;4 años;Mujeres;..
Melilla;2020-2021;TOTAL;AMBOS SEXOS;..
Melilla;2020-2021;TOTAL;Hombres;..
Melilla;2020-2021;TOTAL;Mujeres;..
Melilla;2020-2021;2 años;AMBOS SEXOS;46,6
Melilla;2020-2021;2 años;Hombres;47,3
Melilla;2020-2021;2 años;Mujeres;45,7
Melilla;2020-2021;3 años;AMBOS SEXOS;7,2
Melilla;2020-2021;3 años;Hombres;4,0
Melilla;2020-2021;3 años;Mujeres;10,9
Melilla;2020-2021;4 años;AMBOS SEXOS;..
Melilla;2020-2021;4 años;Hombres;..
Melilla;2020-2021;4 años;Mujeres;..
Melilla;2019-2020;TOTAL;AMBOS SEXOS;60,0
Melilla;2019-2020;TOTAL;Hombres;52,3
Melilla;2019-2020;TOTAL;Mujeres;70,3
Melilla;2019-2020;2 años;AMBOS SEXOS;41,3
Melilla;2019-2020;2 años;Hombres;35,5
Melilla;2019-2020;2 años;Mujeres;49,2
Melilla;2019-2020;3 años;AMBOS SEXOS;16,3
Melilla;2019-2020;3 años;Hombres;15,1
Melilla;2019-2020;3 años;Mujeres;18,0
Melilla;2019-2020;4 años;AMBOS SEXOS;2,3
Melilla;2019-2020;4 años;Hombres;1,7
Melilla;2019-2020;4 años;Mujeres;3,1
Melilla;2018-2019;TOTAL;AMBOS SEXOS;56,7
Melilla;2018-2019;TOTAL;Hombres;55,1
Melilla;2018-2019;TOTAL;Mujeres;58,9
Melilla;2018-2019;2 años;AMBOS SEXOS;42,6
Melilla;2018-2019;2 años;Hombres;44,3
Melilla;2018-2019;2 años;Mujeres;40,3
Melilla;2018-2019;3 años;AMBOS SEXOS;10,6
Melilla;2018-2019;3 años;Hombres;7,6
Melilla;2018-2019;3 años;Mujeres;14,5
Melilla;2018-2019;4 años;AMBOS SEXOS;3,5
Melilla;2018-2019;4 años;Hombres;3,2
Melilla;2018-2019;4 años;Mujeres;4,0
Melilla;2017-2018;TOTAL;AMBOS SEXOS;53,4
Melilla;2017-2018;TOTAL;Hombres;49,4
Melilla;2017-2018;TOTAL;Mujeres;58,7
Melilla;2017-2018;2 años;AMBOS SEXOS;39,7
Melilla;2017-2018;2 años;Hombres;36,0
Melilla;2017-2018;2 años;Mujeres;44,4
Melilla;2017-2018;3 años;AMBOS SEXOS;7,2
Melilla;2017-2018;3 años;Hombres;8,5
Melilla;2017-2018;3 años;Mujeres;5,6
Melilla;2017-2018;4 años;AMBOS SEXOS;6,6
Melilla;2017-2018;4 años;Hombres;4,9
Melilla;2017-2018;4 años;Mujeres;8,7
Melilla;2016-2017 (1);TOTAL;AMBOS SEXOS;41,8
Melilla;2016-2017 (1);TOTAL;Hombres;39,6
Melilla;2016-2017 (1);TOTAL;Mujeres;44,8
Melilla;2016-2017 (1);2 años;AMBOS SEXOS;31,3
Melilla;2016-2017 (1);2 años;Hombres;28,6
Melilla;2016-2017 (1);2 años;Mujeres;35,1
Melilla;2016-2017 (1);3 años;AMBOS SEXOS;7,0
Melilla;2016-2017 (1);3 años;Hombres;6,6
Melilla;2016-2017 (1);3 años;Mujeres;7,5
Melilla;2016-2017 (1);4 años;AMBOS SEXOS;3,5
Melilla;2016-2017 (1);4 años;Hombres;4,4
Melilla;2016-2017 (1);4 años;Mujeres;2,2
